district,size_sqm,rooms,year_built,floor,balcony,rooftop_terrace,elevator,energy_class,distance_to_U_Sbahn_m,monthly_rent_eur
Wedding,,1,,1,1,0,0,7,30,425
Prenzlauer Berg,93.5,2,2001,3,0,,1,8,190,1469
Lichtenberg,40.2,1,2001,5,0,0,1,2,148,583
Wedding,58.0,1,1955,0,0,0,0,5,86,660
Friedrichshain,51.4,1,2018,5,1,0,1,7,,1024
Lichtenberg,69.4,2,2018,1,1,0,1,1,261,1105
Wedding,50.3,2,1894,4,0,0,0,5,158,652
Wedding,58.3,2,1955,2,1,,0,6,167,694
Friedrichshain,59.1,1,2001,0,0,0,1,5,166,1144
Prenzlauer Berg,48.5,1,1894,4,1,0,0,6,100,733
Charlottenburg,78.9,2,1955,1,1,0,0,,656,1479
Lichtenberg,71.5,1,1894,5,1,0,0,7,288,767
Westend,62.7,1,2018,5,1,0,1,4,308,1057
Wedding,54.7,1,1955,1,0,0,0,7,245,569
Prenzlauer Berg,89.4,2,2001,4,1,0,1,,367,1620
Mitte,59.1,1,1955,2,1,0,0,2,653,1076
Schöneberg,57.5,2,1894,3,1,0,0,8,858,856
Tiergarten,67.8,2,2018,3,0,0,1,7,1002,1484
Wedding,128.1,4,1894,1,1,0,1,5,346,1760
Westend,38.0,1,1894,3,0,0,0,4,160,561
Wedding,88.4,2,1955,1,0,0,1,6,325,1054
Charlottenburg,30.5,1,2001,6,1,0,0,8,523,479
Lichtenberg,70.9,2,1955,5,0,0,0,4,525,720
Lichtenberg,122.0,3,1894,0,0,0,0,8,581,1381
Wedding,79.0,2,1894,4,1,0,0,5,655,1064
Mitte,69.6,2,1894,5,1,0,1,6,273,1297
Prenzlauer Berg,51.9,1,1894,0,1,0,1,5,908,853
Tiergarten,65.8,2,1955,4,1,0,0,3,496,1183
Friedrichshain,58.8,1,1894,5,,0,0,8,41,786
Wedding,47.5,1,1894,1,0,0,1,4,393,614
Wedding,57.9,1,2001,,1,0,1,8,394,745
Lichtenberg,70.4,1,2001,5,1,0,1,3,101,1144
Charlottenburg,47.8,1,1894,2,1,0,0,4,389,872
Charlottenburg,47.1,2,,1,0,0,0,8,448,557
Prenzlauer Berg,,1,1894,2,1,0,1,6,180,576
Friedrichshain,76.0,2,2018,2,1,0,1,4,310,1868
Friedrichshain,80.8,2,1894,4,1,0,0,6,253,1278
Prenzlauer Berg,71.3,2,1894,2,1,0,0,4,728,1428
Mitte,95.6,2,1955,2,1,0,0,7,305,1620
Westend,67.3,2,1894,5,0,0,0,2,878,1235
Prenzlauer Berg,76.0,2,1894,3,1,0,1,5,497,1320
Wedding,73.4,2,1894,,0,1,0,2,301,1122
Wedding,62.7,1,2001,4,1,0,1,6,475,881
Charlottenburg,52.6,1,2001,6,0,0,1,8,242,855
Wedding,150.0,3,,1,1,0,0,7,149,1825
Wedding,54.3,1,2001,6,1,1,1,5,338,770
Prenzlauer Berg,49.8,2,1955,5,1,0,1,4,515,776
Charlottenburg,77.3,2,2018,0,1,0,1,3,306,1604
Wedding,71.9,2,2001,2,1,0,1,7,49,1024
Friedrichshain,37.1,1,2001,2,1,0,1,3,1098,756
Mitte,101.8,2,2001,2,1,0,1,6,,1911
Tiergarten,62.6,1,1955,4,0,0,1,5,247,1241
Wedding,41.7,1,1894,4,1,0,0,8,281,525
Westend,104.6,2,1955,1,0,1,0,5,397,1415
Wedding,83.5,2,1894,,1,0,1,5,315,1172
Wedding,39.2,1,1955,5,1,0,0,8,843,378
Prenzlauer Berg,132.3,3,1894,2,1,0,0,8,401,2025
Schöneberg,84.6,2,1894,5,1,,1,6,357,1430
Friedrichshain,64.7,,2018,4,1,0,1,7,72,1105
Friedrichshain,122.8,3,2001,6,0,0,1,6,69,2499
Westend,69.3,2,1955,5,0,0,0,5,649,821
Prenzlauer Berg,64.3,2,1955,0,1,0,0,2,579,1135
Schöneberg,49.9,2,1955,4,1,0,0,6,,682
Wedding,82.0,2,2018,1,1,0,1,6,110,1226
Westend,,2,2001,5,1,1,1,3,797,1381
Schöneberg,65.4,2,2001,5,1,0,1,4,118,1085
Schöneberg,47.4,,1955,1,1,0,1,6,86,685
Charlottenburg,68.5,1,,0,1,0,0,3,122,1127
Tiergarten,63.2,1,2001,2,1,0,0,6,385,1201
Prenzlauer Berg,38.1,1,2018,2,0,0,1,6,1123,635
Mitte,36.1,1,1955,3,1,0,0,5,177,540
Prenzlauer Berg,81.5,2,1955,0,1,0,0,4,643,1222
Lichtenberg,23.0,1,1955,0,0,0,1,5,312,268
Mitte,70.6,2,1955,2,0,0,0,5,37,1061
Tiergarten,53.7,1,2018,5,1,0,1,6,181,1343
Charlottenburg,109.7,2,2001,2,1,0,1,6,584,1906
Charlottenburg,,1,1955,,0,0,0,7,562,703
Westend,84.6,2,1955,0,1,0,,1,160,1318
Schöneberg,,2,1955,1,1,0,0,6,479,832
Wedding,68.0,1,,1,1,1,0,5,,882
Westend,87.3,2,1955,1,1,0,0,7,374,1147
Prenzlauer Berg,54.0,2,2001,2,0,0,1,2,668,1129
Wedding,96.8,2,2001,1,0,1,1,5,165,1434
Friedrichshain,43.7,1,1894,4,0,0,0,5,209,833
Tiergarten,73.1,2,2001,2,0,0,1,5,677,1543
Friedrichshain,,2,,5,1,,1,8,1046,1620
Wedding,84.6,2,1894,3,0,0,1,3,535,1176
Prenzlauer Berg,139.9,3,2001,4,0,0,1,3,357,2807
Friedrichshain,47.9,1,2001,4,1,0,1,6,531,850
Schöneberg,37.4,1,2001,6,1,0,0,5,180,620
Friedrichshain,43.7,1,1894,1,1,0,1,4,298,891
Wedding,84.7,2,1894,5,1,0,1,4,68,1302
Prenzlauer Berg,79.3,2,1955,1,1,0,0,3,184,1216
Prenzlauer Berg,67.7,2,1894,0,1,0,0,7,391,1071
Charlottenburg,,1,1955,4,1,1,0,6,332,609
Westend,88.3,2,2001,6,1,0,1,4,24,1221
Charlottenburg,39.8,1,1894,0,1,0,1,5,236,660
Friedrichshain,103.3,3,1955,3,1,0,0,7,327,1627
Friedrichshain,150.0,4,2018,3,1,0,1,7,336,2917
Lichtenberg,75.3,2,1955,1,0,0,0,2,84,913
Lichtenberg,82.1,2,1955,3,1,0,0,6,485,897
Wedding,53.4,,1955,4,1,0,0,3,950,702
Mitte,31.5,1,1894,3,1,0,1,4,527,639
Lichtenberg,51.1,1,1894,3,0,0,0,7,299,505
Wedding,42.0,1,2001,6,1,0,1,7,810,545
Wedding,36.4,1,1955,1,1,0,0,3,181,482
Prenzlauer Berg,129.5,4,1894,3,1,0,1,7,441,1811
Charlottenburg,72.5,2,1894,1,0,0,0,6,275,1034
Friedrichshain,75.7,2,2001,6,0,0,1,7,816,1263
Lichtenberg,57.4,1,1894,1,1,0,1,7,126,678
Prenzlauer Berg,60.7,2,2001,,1,0,1,5,126,1078
Mitte,95.6,2,1955,3,1,0,0,8,687,1297
Charlottenburg,64.2,2,1955,1,1,0,1,4,419,1012
Schöneberg,80.4,2,,4,0,0,,5,726,1196
Friedrichshain,60.1,1,1894,1,0,0,0,5,138,1077
Lichtenberg,56.7,1,1955,1,0,0,0,7,162,616
Wedding,37.0,1,2001,2,0,0,1,3,367,480
Wedding,,1,1894,,1,0,0,5,71,412
Prenzlauer Berg,58.5,2,1955,2,0,0,1,7,349,774
Westend,66.5,1,1955,3,1,0,0,5,206,889
Schöneberg,38.9,1,1894,3,1,0,0,4,273,700
Westend,64.1,1,1955,1,0,0,0,4,483,793
Friedrichshain,66.4,2,1894,1,1,0,0,6,501,1230
Prenzlauer Berg,27.4,1,1955,1,0,0,1,4,918,386
Tiergarten,45.1,1,1894,1,0,0,1,5,617,935
Prenzlauer Berg,76.5,2,1955,5,0,0,,5,39,1080
Charlottenburg,75.9,2,1894,2,0,0,,8,136,1106
Friedrichshain,41.0,1,1955,2,1,0,0,7,147,568
Friedrichshain,69.3,2,1955,4,1,1,0,4,574,1303
Schöneberg,97.8,3,2018,5,0,,1,7,832,1785
Friedrichshain,88.7,2,1955,4,1,1,1,7,96,1356
Lichtenberg,62.6,1,2001,3,0,0,1,6,584,795
Schöneberg,53.9,1,1894,5,1,0,1,5,299,927
Charlottenburg,50.5,1,1955,5,1,0,0,2,267,865
Schöneberg,78.4,2,1894,1,1,0,0,6,178,1303
Tiergarten,70.3,,1955,0,0,0,0,5,238,1233
Lichtenberg,83.6,2,2001,2,0,0,1,4,350,1141
Prenzlauer Berg,68.5,1,2001,5,0,0,1,1,197,1300
Wedding,90.2,2,1955,5,1,0,0,4,404,1144
Friedrichshain,67.5,2,2001,4,1,0,1,6,268,1259
Prenzlauer Berg,89.0,2,1894,4,1,0,1,3,245,1715
Prenzlauer Berg,92.1,2,1894,1,1,0,0,6,460,1389
Lichtenberg,,1,2001,4,1,0,1,7,375,556
Schöneberg,31.5,1,1894,1,1,0,0,5,26,515
Prenzlauer Berg,120.5,3,1894,3,1,0,0,3,416,2398
Mitte,72.0,2,2018,,1,0,1,3,360,1754
Charlottenburg,32.7,1,2018,0,1,0,1,5,644,748
Schöneberg,48.9,1,2001,6,0,0,1,7,371,758
Prenzlauer Berg,88.5,3,1955,5,1,0,0,6,228,1302
Tiergarten,58.1,1,2001,,1,0,1,7,173,1239
Wedding,53.0,2,1894,3,0,0,0,8,58,650
Lichtenberg,113.8,2,1955,1,0,0,1,4,296,1464
Friedrichshain,,1,1955,3,0,0,1,6,148,612
Schöneberg,47.2,2,2018,5,1,1,1,5,711,993
Friedrichshain,70.7,2,2018,3,1,0,1,5,306,1540
Westend,76.0,2,2001,1,0,0,1,5,113,1115
Charlottenburg,79.3,2,1894,2,1,0,1,5,42,1224
Westend,93.6,,1955,5,1,0,,6,62,1058
Wedding,70.4,2,1894,1,0,0,1,6,392,864
Wedding,79.1,2,2018,6,1,0,1,5,767,1122
Friedrichshain,58.6,1,1894,4,0,0,0,3,452,1100
Lichtenberg,66.7,2,1894,5,0,0,1,6,273,837
Mitte,67.9,2,2001,3,1,1,1,6,1060,1302
Tiergarten,70.8,2,1955,1,0,0,1,5,523,1318
Schöneberg,88.5,,,0,1,0,1,,373,1648
Charlottenburg,81.2,2,1894,3,0,0,1,4,223,1465
Wedding,66.2,2,2001,2,0,,1,7,794,929
Wedding,47.0,1,1894,0,0,0,1,6,240,536
Charlottenburg,66.8,2,1894,5,1,0,1,1,148,1306
Lichtenberg,64.3,2,1955,5,0,0,,5,282,648
Charlottenburg,70.2,2,1894,,0,0,1,5,327,1228
Schöneberg,150.0,4,1955,4,1,0,0,6,556,2063
Mitte,52.7,1,1894,2,1,1,0,3,145,1108
Lichtenberg,77.0,2,1894,2,1,0,0,6,170,922
Friedrichshain,99.7,2,2001,4,0,0,1,8,178,1656
Tiergarten,67.6,2,1894,2,1,0,0,5,270,1440
Prenzlauer Berg,150.0,4,2001,5,1,0,1,5,116,2572
Lichtenberg,55.9,2,2001,1,0,0,1,1,706,834
Lichtenberg,74.0,2,1894,,0,0,0,2,63,1030
Wedding,47.2,1,2001,6,0,0,1,8,809,556
Lichtenberg,56.5,1,1894,,,0,0,8,517,713
Lichtenberg,71.8,2,1955,0,1,0,,1,137,944
Schöneberg,91.2,2,1894,0,1,0,1,7,253,1372
Charlottenburg,73.8,2,2001,4,1,0,1,4,157,1461
Wedding,107.6,3,1955,5,0,0,0,6,524,1312
Westend,62.6,2,1955,5,1,0,1,6,753,745
Charlottenburg,56.9,2,2018,6,1,0,1,5,1500,1256
Friedrichshain,150.0,4,1955,,1,0,0,5,432,2429
Wedding,76.1,2,2018,3,1,0,1,6,65,1361
Mitte,48.7,2,2001,5,0,0,1,4,127,986
Lichtenberg,49.2,1,2018,4,0,0,1,8,416,560
Mitte,44.6,1,2018,5,1,0,1,4,262,983
Friedrichshain,94.5,3,2018,1,1,0,1,1,512,2618
Wedding,56.2,1,1894,2,1,0,1,8,378,668
Friedrichshain,68.4,1,2001,3,1,0,1,5,139,1330
Friedrichshain,63.4,1,2001,6,0,0,1,5,230,1258
Schöneberg,87.1,3,,1,0,0,1,4,530,1463
Lichtenberg,46.3,1,1894,1,1,0,0,1,394,684
Mitte,42.3,1,2018,0,0,0,1,,516,856
Charlottenburg,71.1,2,1894,0,1,0,1,5,89,1402
Wedding,82.7,2,1955,5,1,0,0,5,148,913
Lichtenberg,74.2,2,1955,5,1,0,1,5,671,876
Schöneberg,47.0,2,1894,1,1,0,1,7,93,717
Friedrichshain,85.2,2,,4,1,0,1,8,495,1438
Tiergarten,48.3,1,1894,3,0,0,0,5,82,888
Mitte,,1,2001,6,0,0,1,8,323,799
Friedrichshain,44.6,1,2001,2,1,1,1,7,203,883
Westend,109.4,3,1955,5,1,0,1,8,137,1182
Friedrichshain,83.7,2,2001,2,1,0,1,6,343,1350
Schöneberg,82.8,2,1894,4,1,0,0,4,648,1409
Wedding,107.0,3,2001,2,1,0,1,4,166,1509
Schöneberg,150.0,3,2018,,1,0,1,7,32,2659
Mitte,32.8,1,1894,2,1,0,0,5,268,588
Wedding,48.4,1,2001,5,0,0,1,7,136,598
Wedding,50.8,1,1955,3,0,0,0,6,538,564
Wedding,46.2,1,1955,,1,1,,4,203,584
Friedrichshain,42.2,1,2001,6,0,0,1,5,172,752
Friedrichshain,57.7,1,1955,4,1,0,1,8,222,820
Lichtenberg,40.0,1,2001,3,,0,1,1,648,576
Prenzlauer Berg,74.3,2,1894,0,1,0,0,6,409,1231
Charlottenburg,66.4,2,1955,5,1,0,1,8,118,884
Prenzlauer Berg,78.8,2,2018,5,0,0,0,3,89,1431
Westend,79.6,2,1894,4,1,0,0,4,802,1147
Lichtenberg,82.7,1,1955,4,1,0,1,5,,972
Charlottenburg,56.0,1,1894,3,1,0,1,7,662,863
Lichtenberg,150.0,4,2001,1,1,1,1,5,259,2241
Tiergarten,71.4,2,1955,1,1,,0,2,150,1583
Schöneberg,30.9,1,1955,0,1,0,1,,160,581
Westend,43.5,2,1894,0,,0,0,5,269,675
Friedrichshain,32.4,1,,4,1,0,0,5,30,473
Friedrichshain,65.5,2,2018,5,1,0,1,4,154,1427
Prenzlauer Berg,61.9,2,1955,0,1,,0,7,1002,821
Lichtenberg,53.9,1,1955,3,0,0,1,,1204,750
Schöneberg,145.3,3,2001,0,0,1,1,7,169,2185
Lichtenberg,81.0,3,1955,2,1,0,0,8,476,767
Wedding,86.9,2,1955,4,1,0,1,6,400,936
Prenzlauer Berg,44.8,1,1955,4,1,0,0,6,102,609
Wedding,43.6,1,1894,,1,0,0,3,482,611
Tiergarten,66.0,1,2001,2,1,0,1,6,,1378
Friedrichshain,69.7,2,2018,6,1,0,1,5,313,1372
Wedding,30.9,,2018,5,0,0,1,4,552,526
Wedding,60.5,2,2018,2,1,0,1,6,230,939
Mitte,65.4,1,1955,1,1,0,0,1,228,1145
Schöneberg,59.6,1,1894,0,1,0,0,4,445,989
Westend,46.9,1,2001,6,1,0,1,6,675,618
Lichtenberg,52.4,1,2018,1,0,1,1,5,427,887
Westend,60.6,1,2001,1,0,0,1,3,237,1102
Prenzlauer Berg,67.4,2,1955,2,1,0,1,1,626,1205
Charlottenburg,82.8,3,2001,0,0,1,1,4,388,1543
Prenzlauer Berg,100.2,3,2001,5,1,0,1,5,776,1698
Westend,57.8,,2018,4,1,1,1,5,919,1007
Lichtenberg,54.2,1,2001,,0,0,1,3,422,773
Prenzlauer Berg,77.4,2,1955,0,0,0,1,6,739,1194
Mitte,83.0,2,1894,0,1,0,0,8,754,1391
Mitte,54.6,1,1955,5,0,0,,6,281,901
Wedding,89.2,2,1955,2,1,,1,5,754,1110
Wedding,96.2,2,2018,4,1,0,1,6,324,1332
Friedrichshain,109.0,3,1955,0,1,0,1,7,516,1573
Tiergarten,132.4,3,1955,1,1,,0,8,300,2145
Schöneberg,46.0,1,1955,3,1,0,0,2,74,686
Friedrichshain,65.4,2,2001,1,1,0,1,4,1099,1363
Wedding,65.3,2,1955,3,1,0,0,3,501,907
Charlottenburg,62.5,2,1894,5,0,0,0,7,533,969
Friedrichshain,50.1,2,2018,,1,0,1,2,349,1260
Lichtenberg,35.9,1,1955,3,0,0,0,7,750,314
Friedrichshain,67.5,2,1955,5,0,0,0,1,276,1394
Charlottenburg,47.8,1,1894,5,0,0,1,6,291,689
Friedrichshain,67.3,3,1955,0,0,0,1,4,119,1127
Friedrichshain,47.3,1,2001,0,0,0,1,5,376,932
Tiergarten,41.9,1,2018,6,1,0,1,5,724,1051
Tiergarten,71.4,2,1894,5,0,0,0,6,279,1249
Friedrichshain,69.0,2,2018,2,0,0,1,5,104,1320
Tiergarten,81.9,3,2001,3,1,1,0,5,622,1950
Schöneberg,150.0,4,1894,3,1,1,1,6,448,2575
Wedding,72.6,2,1894,4,0,0,,8,1014,743
Prenzlauer Berg,78.9,2,1894,4,1,0,1,7,161,1248
Charlottenburg,42.2,1,2018,2,1,0,1,6,503,728
Schöneberg,38.8,1,1894,5,1,0,0,5,100,642
Lichtenberg,122.4,3,1955,0,1,0,,,306,1222
Lichtenberg,44.9,1,2001,0,1,0,1,5,353,615
Tiergarten,42.8,1,2018,6,1,0,1,8,66,900
Friedrichshain,64.0,2,2001,1,0,0,1,7,688,1188
Mitte,62.7,2,2001,6,1,0,1,3,562,1357
Mitte,45.3,1,1894,1,1,0,0,2,448,899
Schöneberg,57.5,2,2018,2,0,0,1,6,106,1012
Prenzlauer Berg,106.3,3,1894,0,0,0,1,6,175,1924
Tiergarten,47.1,1,1894,5,1,0,0,6,609,984
Charlottenburg,37.2,1,2018,2,1,0,0,8,304,627
Schöneberg,94.8,2,1894,1,1,0,0,5,258,1416
Friedrichshain,79.1,2,,2,0,0,1,5,738,1361
Wedding,50.7,1,2001,1,1,0,1,6,,729
Tiergarten,34.5,1,1894,4,1,0,0,1,116,798
Lichtenberg,48.3,1,1894,0,0,0,1,6,604,577
Friedrichshain,63.6,1,2001,3,0,0,0,7,102,1173
Wedding,103.6,3,2001,2,1,0,1,1,306,1772
Lichtenberg,42.9,1,,0,0,0,1,7,381,474
Lichtenberg,62.8,,1894,0,0,,0,7,,810
Wedding,85.2,2,1955,3,0,0,1,3,,1252
Wedding,25.1,1,2001,2,0,0,1,7,24,327
Westend,98.3,2,1894,0,,0,0,7,25,1345
Wedding,40.5,1,1894,0,1,0,,5,803,543
Friedrichshain,74.2,,1894,4,1,0,0,4,66,1484
Schöneberg,71.7,2,1955,4,0,0,0,4,946,1004
Schöneberg,100.3,3,1894,3,1,0,0,6,650,1378
Lichtenberg,81.0,2,2001,5,1,0,1,4,136,1381
Prenzlauer Berg,25.1,1,2018,0,1,0,1,5,37,442
Prenzlauer Berg,47.5,2,1894,4,0,0,0,8,324,663
Westend,68.7,2,2001,5,1,0,1,6,199,1030
Mitte,60.1,2,1894,1,1,0,0,6,747,1081
Friedrichshain,78.7,2,1894,3,1,0,0,8,378,1226
Prenzlauer Berg,89.1,2,,5,1,0,1,1,309,1856
Prenzlauer Berg,82.9,2,1955,3,0,0,0,4,259,1259
Mitte,59.7,2,2018,1,0,0,1,6,515,1217
Charlottenburg,31.1,1,1955,3,1,0,1,5,287,489
Charlottenburg,54.2,1,,4,1,0,0,3,1074,1006
Charlottenburg,76.8,2,1955,0,0,0,0,7,63,940
Charlottenburg,42.0,1,1894,3,1,0,1,2,237,959
Wedding,83.7,2,2018,3,0,,1,5,463,1320
Charlottenburg,93.5,3,,2,1,0,1,6,,1662
Lichtenberg,68.4,2,1955,0,1,0,1,6,1072,729
Lichtenberg,20.0,1,1955,0,1,0,0,5,163,213
Prenzlauer Berg,39.0,1,2001,5,1,0,1,1,10,867
Charlottenburg,138.2,3,2001,5,1,0,1,7,615,2282
Schöneberg,52.2,1,1894,2,0,0,0,8,364,715
Wedding,29.4,1,1894,5,1,0,0,5,619,357
Westend,106.5,3,1894,5,1,0,0,1,405,2012
Wedding,65.3,1,1955,3,0,0,,6,19,788
Schöneberg,101.1,3,1955,3,0,0,0,5,424,1384
Westend,,2,1894,5,1,0,0,4,162,1124
Charlottenburg,78.1,2,1955,3,1,1,0,4,237,1410
Wedding,75.2,2,,5,,0,0,4,279,861
Mitte,85.9,2,1894,5,1,0,0,5,102,1756
Wedding,150.0,4,2018,1,0,0,1,4,157,2466
Lichtenberg,95.9,2,1955,3,1,0,0,7,541,945
Friedrichshain,34.5,1,1955,4,1,0,1,5,540,535
Westend,77.7,2,1955,4,0,0,0,5,55,1036
Friedrichshain,102.6,2,1894,2,1,0,0,3,368,2067
Wedding,105.2,2,2018,6,1,0,1,7,,1556
Friedrichshain,54.8,2,1955,2,1,0,1,2,339,1043
Lichtenberg,103.6,,1955,2,0,0,0,4,384,1114
Friedrichshain,94.2,2,2018,1,0,0,1,6,60,1923
Lichtenberg,150.0,4,2001,2,1,1,1,6,727,2059
Wedding,48.2,1,2001,6,0,0,1,7,111,605
Schöneberg,53.1,2,1894,4,1,1,1,5,227,1085
Wedding,57.5,1,1894,4,1,0,0,5,587,816
Wedding,53.4,1,2001,6,1,0,1,4,907,854
Lichtenberg,45.5,1,,1,1,0,0,6,243,599
Mitte,21.5,1,2001,4,1,0,1,5,1254,431
Schöneberg,54.6,1,2001,2,0,0,1,5,349,905
Friedrichshain,75.3,2,1894,5,1,0,0,1,319,1545
Westend,53.4,,1894,2,0,0,0,8,127,613
Friedrichshain,141.0,4,1955,5,0,0,1,2,231,2252
Schöneberg,65.3,2,1894,4,1,0,1,4,373,1168
Schöneberg,108.9,3,2001,5,1,1,1,8,,1581
Prenzlauer Berg,72.2,1,2001,6,1,0,1,6,452,1304
Schöneberg,90.5,,1955,4,1,1,1,6,211,1345
Wedding,72.7,2,,2,1,0,1,6,798,1005
Wedding,112.4,3,1955,3,,1,0,3,327,1518
Prenzlauer Berg,66.5,2,2001,3,0,0,1,7,311,1140
Schöneberg,79.3,2,1894,0,1,0,0,4,,1430
Lichtenberg,75.3,2,2001,4,1,0,1,8,503,885
Friedrichshain,57.9,2,2001,3,1,0,1,4,297,1109
Friedrichshain,76.4,2,1894,2,0,0,0,6,246,1362
Friedrichshain,150.0,3,1955,0,1,0,1,5,85,2345
Westend,,2,2018,3,1,,1,3,89,960
Prenzlauer Berg,76.9,2,1894,3,1,0,1,5,403,1346
Wedding,107.5,3,2001,0,1,0,1,7,879,1529
Westend,102.6,2,2018,4,1,0,1,4,262,1756
Charlottenburg,65.3,2,2018,1,0,0,1,8,260,1122
Lichtenberg,25.1,,1955,0,1,0,0,4,508,291
Wedding,79.9,2,2001,2,1,1,1,6,709,1233
Charlottenburg,26.8,1,2018,2,1,0,1,6,195,555
Charlottenburg,117.0,3,1955,5,1,1,0,5,121,1887
Charlottenburg,69.6,2,1894,0,0,1,,6,291,1093
Friedrichshain,97.0,2,1894,2,1,0,1,6,447,1556
Friedrichshain,45.3,2,2001,5,0,0,1,6,25,870
Lichtenberg,34.9,1,1955,1,1,0,1,5,219,376
Prenzlauer Berg,72.1,2,1894,5,0,0,1,6,268,1153
Prenzlauer Berg,64.1,2,1955,4,0,0,1,5,240,995
Wedding,53.4,2,2001,6,1,0,1,2,77,840
Schöneberg,67.2,1,1955,5,0,0,0,3,219,1001
Lichtenberg,150.0,,2018,0,1,0,1,6,271,2290
Wedding,90.8,2,2001,3,0,0,1,8,140,1024
Prenzlauer Berg,98.9,2,2018,5,1,0,1,1,375,2129
Charlottenburg,91.1,2,2018,0,1,0,1,5,562,1800
Lichtenberg,117.5,2,1894,2,1,0,0,4,577,1703
Wedding,60.2,2,2001,4,0,0,1,6,172,891
Lichtenberg,28.6,1,1894,4,0,0,0,6,441,331
Friedrichshain,60.3,,2018,2,1,0,1,6,414,1172
Lichtenberg,89.9,2,1894,5,0,1,1,6,1013,1241
Westend,44.1,1,2001,4,,1,1,7,443,570
Friedrichshain,60.6,1,2001,0,1,0,1,2,462,1366
Schöneberg,49.3,1,1894,1,1,0,1,5,644,796
Wedding,118.5,3,2001,6,1,0,,4,97,1945
Tiergarten,87.7,2,1894,0,1,1,0,8,321,1872
Prenzlauer Berg,84.4,2,1955,0,1,0,1,7,917,1094
Wedding,83.3,2,1955,2,0,0,0,3,930,1072
Charlottenburg,64.0,2,1955,5,1,,1,4,219,1010
Prenzlauer Berg,70.3,1,1955,4,0,0,0,5,900,989
Prenzlauer Berg,40.5,1,2018,1,1,0,1,8,247,711
Charlottenburg,27.1,1,1955,2,1,0,0,3,385,444
Lichtenberg,69.0,2,1955,5,1,0,0,6,64,761
Wedding,74.0,2,2018,1,1,0,1,5,773,1244
Friedrichshain,105.4,3,2001,4,1,0,1,6,237,2186
Lichtenberg,121.9,4,1894,2,1,0,0,6,79,1504
Lichtenberg,121.8,3,2018,5,1,1,1,4,277,2036
Charlottenburg,43.6,1,1894,4,0,0,1,7,16,618
Wedding,56.5,1,1955,4,1,0,1,3,492,846
Friedrichshain,78.8,2,1955,0,1,0,1,7,677,1243
Lichtenberg,150.0,3,2001,3,1,0,1,4,124,2154
Westend,117.5,3,,4,1,0,0,6,120,1615
Westend,101.7,3,1894,2,0,0,0,,466,1442
Friedrichshain,55.7,1,2001,4,1,0,1,6,508,1096
Lichtenberg,45.7,1,1894,3,0,0,1,4,179,638
Tiergarten,89.1,2,1955,2,0,0,0,6,141,1716
Mitte,41.9,1,2001,0,1,0,1,1,596,982
Friedrichshain,59.1,1,2001,6,1,0,1,5,71,1305
Wedding,62.1,1,,4,1,0,0,7,209,811
Mitte,122.9,4,,5,0,0,1,5,137,2199
Lichtenberg,56.4,2,2018,2,1,1,1,5,461,799
Westend,24.5,1,1955,1,1,0,0,6,148,303
Tiergarten,,2,1894,1,1,1,1,5,652,2013
Tiergarten,49.1,1,1894,0,1,0,0,7,202,878
Tiergarten,66.1,2,1955,1,1,0,0,5,403,1244
Westend,62.8,1,2018,2,1,0,,8,150,926
Wedding,58.3,2,1894,5,1,0,0,7,348,755
Mitte,89.2,2,1894,1,0,0,0,5,168,1524
Wedding,35.2,1,1955,3,1,0,,5,114,407
Tiergarten,52.9,1,1894,3,1,0,0,6,506,1092
Wedding,85.5,2,1894,2,1,1,0,6,146,1109
Lichtenberg,50.8,1,2018,6,0,1,1,4,149,718
Wedding,34.2,1,2001,0,1,0,0,4,325,571
Wedding,84.9,2,1894,5,,0,,3,369,1280
Wedding,101.9,2,1955,4,1,0,1,7,110,1301
Tiergarten,63.8,2,1894,1,0,0,0,6,435,1297
Mitte,29.7,1,1894,4,1,,1,4,157,605
Friedrichshain,86.2,3,1955,2,0,0,0,5,84,1397
Schöneberg,33.5,1,1955,5,1,0,0,7,234,428
Wedding,73.5,2,2001,0,0,0,1,8,231,909
Westend,45.6,,2018,0,,1,0,4,409,781
Lichtenberg,40.9,1,,3,1,0,1,4,1039,514
Friedrichshain,54.5,1,2018,6,1,0,1,5,321,1139
Wedding,60.4,1,1955,0,1,0,0,6,451,758
Mitte,50.2,1,1894,4,1,0,,3,62,933
Charlottenburg,82.3,2,2001,6,,0,,4,673,1371
Wedding,54.4,1,1894,2,0,0,0,7,266,662
Lichtenberg,96.2,2,1955,5,1,0,0,5,91,1066
Westend,72.7,2,2001,5,1,0,1,4,656,1209
Tiergarten,49.2,2,1894,1,0,0,0,5,275,1059
Westend,46.0,1,2018,5,1,0,1,3,583,873
Tiergarten,33.6,,1894,4,1,0,0,5,1115,668
Lichtenberg,73.0,2,2001,0,1,0,0,5,70,1062
Wedding,56.4,1,1894,3,1,0,0,3,152,867
Friedrichshain,25.2,1,1894,3,1,0,0,2,512,522
Friedrichshain,52.5,1,1955,4,1,0,0,7,290,779
Friedrichshain,45.3,2,2018,5,1,0,0,7,19,883
Lichtenberg,122.1,3,1894,2,1,0,1,1,213,1827
Prenzlauer Berg,32.9,1,2018,2,0,0,1,6,242,526
Wedding,36.5,1,,1,0,0,1,3,275,555
Westend,101.3,2,1955,0,1,0,0,7,147,1244
Schöneberg,111.8,3,1955,3,1,0,0,7,793,1232
Friedrichshain,48.2,2,1894,5,1,0,0,6,62,866
Lichtenberg,50.5,1,2018,0,0,0,1,6,387,784
Charlottenburg,83.2,2,1955,4,1,0,0,5,181,1182
Schöneberg,25.6,1,2001,4,1,0,1,4,170,453
Wedding,30.9,1,1955,1,0,0,0,5,722,354
Westend,58.1,2,1955,,1,0,0,3,232,919
Lichtenberg,120.8,3,2001,1,1,0,1,6,389,1698
Friedrichshain,54.6,1,2018,4,1,0,1,,537,1098
Schöneberg,67.7,1,2001,2,0,0,1,4,300,1193
Prenzlauer Berg,102.3,3,1955,,1,0,1,6,729,1747
Prenzlauer Berg,150.0,4,2001,2,0,0,1,7,82,2234
Friedrichshain,51.6,1,2001,0,1,0,1,6,407,962
Friedrichshain,64.6,2,1955,0,1,1,1,5,1046,1196
Charlottenburg,134.7,3,2001,2,1,0,1,7,382,2155
Charlottenburg,35.4,1,1955,2,0,0,1,1,47,722
Prenzlauer Berg,98.0,2,2001,5,1,0,1,6,417,1607
Westend,,,2018,3,,0,1,5,815,662
Westend,67.7,2,2018,,0,0,1,4,215,1112
Prenzlauer Berg,59.0,2,2001,1,1,0,1,8,213,949
Prenzlauer Berg,44.3,1,2001,3,1,0,1,5,497,744
Mitte,43.9,1,2001,2,0,0,1,5,434,846
Schöneberg,72.6,2,1894,4,,0,0,4,309,1210
Charlottenburg,96.8,2,1955,5,0,0,0,8,156,1131
Tiergarten,61.7,1,1894,2,1,0,1,7,196,1148
Prenzlauer Berg,66.8,2,1894,3,1,0,1,2,117,1313
Prenzlauer Berg,81.7,1,2018,5,0,0,1,6,41,1537
Mitte,44.1,1,2018,1,1,0,1,3,674,990
Schöneberg,87.4,2,1955,3,0,0,0,6,516,1158
Schöneberg,90.2,2,1894,1,1,0,1,5,480,1433
Wedding,150.0,3,2001,4,0,0,1,3,474,2392
Westend,55.9,2,1955,4,1,0,0,5,249,747
Westend,54.1,1,2001,0,1,0,1,8,222,702
Charlottenburg,88.4,3,2018,1,1,0,1,5,92,1836
Wedding,90.2,2,1955,0,1,0,1,2,548,1223
Schöneberg,52.5,1,1894,0,1,0,1,8,1468,760
Prenzlauer Berg,55.3,1,1894,0,0,0,0,3,404,999
Westend,80.7,,1894,4,1,0,0,5,605,1365
Charlottenburg,46.7,1,1955,5,1,0,1,5,606,717
Schöneberg,55.2,2,1894,2,1,0,,4,852,925
Wedding,67.4,2,1894,5,0,0,0,4,138,870
Lichtenberg,96.8,2,1894,4,1,0,1,3,63,1272
Lichtenberg,51.0,1,1894,4,1,0,0,2,345,712
Schöneberg,31.1,1,2001,5,0,0,1,5,268,536
Schöneberg,30.2,1,1894,1,1,0,1,7,1385,469
Wedding,39.3,1,2018,3,1,0,0,3,119,673
Charlottenburg,38.4,1,1894,3,0,0,1,6,1036,605
Wedding,61.1,2,1894,3,1,1,0,5,270,843
Prenzlauer Berg,40.4,1,1894,4,0,0,1,2,106,705
Friedrichshain,49.1,2,2001,0,0,0,1,5,908,891
Friedrichshain,47.7,1,1894,4,1,0,0,4,140,828
Wedding,54.5,1,1955,4,1,0,1,6,607,704
Tiergarten,110.3,3,1894,0,1,0,0,5,353,2609
Charlottenburg,84.7,3,2018,2,1,0,1,6,1033,1419
Charlottenburg,65.4,1,,5,1,0,0,8,702,983
Friedrichshain,54.1,1,1955,0,1,0,1,,264,964
Charlottenburg,54.7,1,2018,1,1,0,1,8,911,965
Wedding,74.1,2,1894,4,0,0,1,4,442,982
Tiergarten,82.1,2,1894,1,1,,0,2,316,2087
Wedding,45.2,1,2001,4,0,0,1,4,347,675
Lichtenberg,66.0,2,1894,5,0,0,1,7,624,806
Charlottenburg,28.8,1,1894,2,0,0,,6,253,430
Friedrichshain,70.7,2,1955,2,0,0,1,8,197,893
Westend,88.2,2,1894,2,0,0,0,6,159,1198
Friedrichshain,58.1,2,2018,2,1,0,1,5,400,1162
Charlottenburg,134.4,3,2001,2,1,0,1,7,170,2416
Lichtenberg,45.7,1,1955,3,0,0,0,8,631,372
Lichtenberg,70.9,,1894,5,0,0,1,7,248,779
Wedding,64.1,2,2001,6,0,0,1,5,468,851
Charlottenburg,62.4,2,2001,6,0,0,1,7,730,980
Wedding,62.1,1,1894,0,1,0,1,4,869,903
Wedding,67.8,2,2018,2,1,0,1,7,369,997
Prenzlauer Berg,91.2,2,1955,4,1,0,0,8,34,1223
Westend,112.8,3,2001,3,1,0,1,6,37,1747
Tiergarten,64.9,2,1894,2,1,0,0,4,619,1395
Mitte,90.1,3,1894,1,0,0,1,3,131,2051
Schöneberg,49.1,1,2001,0,1,0,1,8,239,796
Friedrichshain,88.3,2,2001,2,1,0,1,7,685,1535
Friedrichshain,,1,1955,2,0,0,1,6,200,732
Wedding,100.5,3,1894,2,1,0,0,8,92,1131
Lichtenberg,150.0,3,2001,3,0,0,1,5,245,2023
Schöneberg,61.9,1,1894,1,1,0,1,7,537,853
Wedding,27.0,1,1955,1,0,0,0,4,196,311
Lichtenberg,52.2,1,2001,6,1,0,1,4,484,638
Friedrichshain,106.4,3,1894,2,1,0,0,5,96,1881
Prenzlauer Berg,81.1,2,1894,1,1,0,0,5,155,1444
Prenzlauer Berg,71.8,2,1894,3,1,,0,5,248,1174
Friedrichshain,97.3,2,2018,3,1,0,1,7,749,1881
Wedding,78.9,2,1894,3,0,0,0,2,,1186
Prenzlauer Berg,105.8,2,2001,1,0,0,1,6,192,1613
Prenzlauer Berg,93.9,3,2018,5,1,0,1,3,193,1993
Friedrichshain,119.5,3,2001,1,0,0,1,7,484,2177
Friedrichshain,75.0,2,1955,5,0,0,1,4,574,1297
Lichtenberg,93.4,2,1955,2,0,0,0,6,726,1049
Tiergarten,57.5,2,1955,2,1,0,1,6,1145,1149
Mitte,51.1,1,1955,2,1,0,0,5,402,876
Charlottenburg,128.6,3,2018,2,0,0,1,4,172,2485
Prenzlauer Berg,70.9,2,2001,4,1,0,1,2,277,1394
Schöneberg,89.7,2,1955,2,1,0,0,5,138,1464
Prenzlauer Berg,68.3,2,1955,0,0,0,0,4,348,1050
Friedrichshain,51.4,2,2018,3,1,0,0,3,160,1188
Mitte,65.3,2,1894,1,0,0,0,6,723,1028
Wedding,115.4,3,2001,0,1,0,1,4,,1719
Westend,81.2,2,1894,5,0,0,0,4,886,1237
Westend,32.8,1,2001,2,0,0,1,5,560,488
Westend,,1,2001,4,0,0,0,5,524,835
Wedding,132.6,3,1955,1,0,0,1,5,92,1545
Tiergarten,59.7,1,1894,2,,0,1,6,483,1272
Charlottenburg,31.6,1,2001,2,1,,1,6,1128,580
Schöneberg,138.6,4,1955,0,0,0,1,5,224,2027
Charlottenburg,85.4,2,1955,5,0,0,0,5,648,1307
Wedding,63.2,2,1955,1,1,,0,4,67,732
Prenzlauer Berg,56.0,1,1955,3,1,1,1,6,120,888
Wedding,100.2,2,2001,3,1,0,0,5,293,1515
Lichtenberg,52.3,2,1894,2,1,0,0,7,195,591
Schöneberg,102.9,3,1955,3,0,0,,6,158,1480
Lichtenberg,80.7,2,2018,3,1,0,1,6,196,1194
Schöneberg,71.7,2,1894,0,1,0,0,5,445,1203
Lichtenberg,68.9,1,1955,4,1,0,0,8,653,680
Charlottenburg,60.6,2,2001,0,1,0,1,5,473,1183
Prenzlauer Berg,98.8,3,2018,3,0,0,1,5,493,1675
Schöneberg,46.0,1,1955,2,1,0,0,7,303,597
Friedrichshain,34.0,1,2001,3,1,0,1,6,116,667
Prenzlauer Berg,83.1,2,1894,0,1,0,1,5,285,1434
Lichtenberg,,2,1955,4,0,0,0,4,355,1042
Westend,78.8,2,2018,2,0,0,1,4,674,1328
Friedrichshain,76.5,2,2018,0,1,0,1,7,981,1433
Charlottenburg,57.2,1,1955,0,1,0,0,4,418,820
Mitte,89.1,2,1955,3,1,0,1,1,626,1726
Tiergarten,63.8,2,1955,3,1,0,1,1,26,1494
Lichtenberg,53.5,1,1894,3,0,0,0,8,245,592
Prenzlauer Berg,57.4,1,2018,5,1,0,1,5,302,1012
Charlottenburg,145.9,4,,5,1,0,1,5,464,2906
Schöneberg,32.5,1,1955,5,1,0,0,8,997,373
Tiergarten,79.4,2,1894,5,1,0,0,5,400,1637
Charlottenburg,33.2,1,1955,5,1,0,1,7,57,457
Wedding,62.2,1,1894,4,1,0,0,6,497,816
Westend,54.6,1,2001,3,1,0,1,5,230,846
Lichtenberg,28.2,1,1955,3,1,0,0,7,463,306
Westend,75.9,2,1894,3,1,0,0,8,527,1066
Prenzlauer Berg,55.8,2,2001,1,0,0,1,4,53,1030
Wedding,28.1,,2018,4,1,0,1,1,,500
Lichtenberg,90.9,2,1894,3,,0,0,7,298,1080
Wedding,115.4,3,1955,3,1,0,1,5,396,1626
Lichtenberg,118.0,3,1955,5,,0,0,5,169,1360
Wedding,75.0,2,1894,4,0,0,0,4,129,1083
Lichtenberg,66.2,1,1955,5,0,0,1,7,986,605
Friedrichshain,110.6,3,2001,6,1,0,1,6,367,2119
Wedding,127.4,3,1894,4,0,0,0,8,142,1382
Prenzlauer Berg,102.3,3,1894,1,1,1,0,5,200,1723
Schöneberg,44.6,1,2018,1,0,0,0,8,1017,671
Westend,70.5,1,1894,,0,0,0,5,765,982
Lichtenberg,77.5,2,2001,4,1,0,1,6,181,964
Lichtenberg,31.5,1,2001,6,1,0,1,6,118,415
Charlottenburg,78.4,2,2001,6,1,0,1,5,127,1421
Wedding,150.0,4,2001,4,1,0,1,6,709,2159
Wedding,84.0,3,2001,4,0,0,1,4,218,1238
Charlottenburg,117.2,3,2001,6,1,0,1,5,75,2207
Friedrichshain,69.9,2,1955,4,0,0,0,6,205,1126
Tiergarten,63.1,2,1955,0,0,0,1,2,393,1383
Wedding,75.7,2,1955,3,1,0,0,6,286,868
Prenzlauer Berg,46.9,1,,2,1,0,0,4,774,630
Lichtenberg,44.2,1,1894,3,1,1,0,4,397,647
Prenzlauer Berg,107.9,3,1955,3,0,1,1,6,438,1523
Lichtenberg,112.5,3,1955,1,1,0,1,4,600,1363
Prenzlauer Berg,43.7,1,1894,1,1,0,0,8,578,639
Wedding,95.7,3,1894,0,1,0,0,8,204,1210
Friedrichshain,62.8,2,2001,2,0,0,0,5,120,1317
Schöneberg,74.5,2,1955,4,1,0,0,5,373,996
Wedding,78.1,2,2001,4,1,0,1,2,336,1160
Lichtenberg,96.7,3,1955,5,0,0,1,7,399,1011
Wedding,67.2,2,2018,6,1,0,1,4,424,1122
Tiergarten,114.3,3,2001,5,1,0,1,8,936,2031
Charlottenburg,73.6,1,1894,1,1,0,0,8,252,1082
Tiergarten,83.4,2,2018,2,1,0,1,3,437,2319
Friedrichshain,46.6,1,1894,,1,0,0,6,120,742
Westend,150.0,4,,0,1,0,1,5,158,1845
Wedding,78.4,2,2001,1,0,0,1,5,320,1039
Wedding,86.5,2,1955,1,1,0,0,4,138,1072
Lichtenberg,34.2,,1955,0,1,0,0,,504,391
Wedding,46.8,1,1955,5,1,0,0,4,451,575
Wedding,106.6,3,1894,3,1,0,0,7,183,1298
Tiergarten,72.9,2,1894,3,0,0,1,5,267,1754
Mitte,30.2,1,1894,3,0,0,1,6,714,484
Westend,98.5,3,1894,5,0,0,0,8,370,1115
Lichtenberg,52.3,2,2001,1,0,0,1,,1311,688
Tiergarten,114.3,3,1955,2,0,0,0,5,267,2213
Schöneberg,62.8,,1955,1,1,0,0,5,293,922
Westend,70.5,2,2001,3,0,0,1,5,320,1190
Tiergarten,104.2,3,1894,3,0,0,0,5,65,2139
Prenzlauer Berg,45.4,1,1894,4,1,0,0,8,282,563
Lichtenberg,43.7,1,2001,3,1,0,1,,275,626
Westend,60.1,2,2018,1,,0,1,5,537,973
Mitte,90.5,2,1955,3,1,0,1,7,734,1519
Lichtenberg,38.2,1,1894,5,0,0,1,5,249,512
Charlottenburg,33.4,1,2001,4,1,0,1,7,34,499
Lichtenberg,90.4,,2018,4,1,0,1,4,358,1548
Charlottenburg,51.1,1,1955,1,1,0,1,2,136,974
Schöneberg,55.6,1,1894,0,0,0,1,6,382,811
Prenzlauer Berg,30.9,1,1894,1,1,0,0,5,375,508
Charlottenburg,49.5,2,1955,0,0,1,0,8,172,752
Lichtenberg,64.8,1,2018,3,1,0,1,5,360,841
Friedrichshain,94.3,,2001,6,1,0,1,3,78,2070
Friedrichshain,47.7,2,1894,2,1,1,1,5,400,1022
Charlottenburg,126.1,3,2001,4,1,0,1,5,574,2299
Wedding,49.4,1,2001,5,0,0,1,6,466,683
Wedding,49.5,1,1955,4,0,1,0,4,208,648
Lichtenberg,120.2,3,2001,4,1,0,1,5,544,1549
Charlottenburg,70.7,2,1955,4,1,0,0,7,500,932
Prenzlauer Berg,52.1,2,1955,1,,0,1,5,517,805
Friedrichshain,61.1,2,1955,2,0,0,0,6,796,879
Schöneberg,111.7,3,1955,2,1,0,1,4,429,1530
Lichtenberg,116.8,,2018,5,0,0,1,7,123,1539
Wedding,46.9,1,1955,2,1,1,0,4,144,607
Schöneberg,63.9,1,1955,5,1,1,1,6,429,876
Prenzlauer Berg,67.4,1,1955,1,,0,0,4,279,1019
Lichtenberg,43.8,1,1955,1,0,0,0,2,239,582
Prenzlauer Berg,63.6,1,1955,4,,0,0,5,490,915
Friedrichshain,65.1,1,2001,5,,1,1,4,103,1312
Charlottenburg,102.6,3,1955,4,1,0,,7,497,1481
Tiergarten,105.4,2,1955,1,0,,0,4,266,2145
Mitte,57.0,1,2001,,1,0,1,8,408,1124
Tiergarten,59.7,1,1894,1,1,0,0,5,112,1373
Prenzlauer Berg,84.8,2,2001,3,1,1,1,4,511,1561
Westend,51.4,1,1955,2,1,0,0,5,645,704
Charlottenburg,82.3,3,,5,1,0,1,4,1500,1377
Prenzlauer Berg,62.8,1,,6,1,0,1,7,389,936
Lichtenberg,44.1,1,2001,5,0,0,1,,629,647
Wedding,44.3,1,2001,0,1,0,1,7,137,662
Schöneberg,116.0,3,1955,0,1,0,0,2,767,2046
Charlottenburg,61.1,1,1955,2,1,0,0,4,84,915
Lichtenberg,125.3,3,2001,4,1,0,1,3,977,1860
Mitte,52.9,1,1955,4,1,0,0,6,360,855
Charlottenburg,73.0,2,2001,2,1,0,,5,92,1186
Lichtenberg,150.0,4,1955,0,1,0,1,8,244,1344
Schöneberg,42.6,1,2001,2,1,0,1,,625,733
Wedding,30.4,1,1894,4,1,0,,2,283,477
Schöneberg,108.7,3,1955,5,1,0,0,7,280,1237
Westend,46.7,1,1894,5,1,0,0,6,585,656
Charlottenburg,64.5,2,1955,3,1,0,0,7,302,971
Mitte,51.4,1,2001,0,0,0,1,5,734,955
Charlottenburg,72.4,2,1955,5,0,0,0,6,203,1028
Friedrichshain,44.4,1,1955,0,1,0,0,4,60,791
Lichtenberg,60.5,1,2018,1,0,0,1,8,315,773
Charlottenburg,77.8,2,2001,6,0,0,1,4,,1284
Schöneberg,43.4,1,1955,3,1,0,1,7,196,541
Wedding,49.1,1,2018,1,1,0,1,4,400,784
Wedding,56.6,2,1955,3,0,0,1,7,71,574
Prenzlauer Berg,36.7,1,,0,1,0,1,7,408,657
Prenzlauer Berg,54.9,2,,1,1,0,0,7,118,861
Lichtenberg,68.2,2,1894,5,1,0,1,5,92,818
Westend,,2,1955,1,1,0,0,,338,704
Wedding,58.3,2,1894,5,0,0,1,7,85,756
Lichtenberg,64.5,2,1955,3,1,0,0,6,39,671
Wedding,50.0,1,1894,3,1,0,,6,449,676
Friedrichshain,85.7,1,2001,4,1,0,,,131,1926
Schöneberg,115.4,3,1894,3,1,1,1,5,,2173
Friedrichshain,54.0,2,1894,0,0,0,0,5,258,960
Westend,78.9,2,2018,6,0,0,0,6,337,1304
Lichtenberg,59.1,2,2001,,0,0,0,4,632,767
Schöneberg,75.2,2,2018,4,1,0,,5,431,1667
Prenzlauer Berg,121.6,3,1955,3,1,0,0,7,490,1670
Tiergarten,79.7,2,1894,3,1,0,0,5,477,1796
Lichtenberg,32.0,1,1955,2,1,0,0,7,181,323
Friedrichshain,77.9,2,1955,5,0,0,0,4,417,1335
Tiergarten,106.4,3,1894,1,,0,0,5,146,2298
Mitte,59.5,2,2018,4,1,0,1,5,418,1192
Tiergarten,96.8,2,2001,4,1,0,1,5,248,2022
Prenzlauer Berg,49.3,1,2001,3,0,0,1,6,290,795
Schöneberg,35.9,1,1955,0,1,0,1,3,904,616
Charlottenburg,68.8,2,2001,2,0,0,1,5,463,1073
Tiergarten,,1,1894,0,0,0,0,3,193,690
Friedrichshain,59.1,1,2018,3,0,0,1,6,70,1276
Prenzlauer Berg,108.8,3,1955,4,,0,0,7,345,1348
Tiergarten,30.3,1,1894,3,1,0,1,1,80,830
Wedding,39.0,1,1894,4,1,0,0,5,981,481
Mitte,43.0,1,2001,2,0,0,1,5,296,761
Charlottenburg,63.4,2,2018,2,0,1,1,6,589,1247
Prenzlauer Berg,56.2,1,2018,3,1,0,1,2,98,1414
Prenzlauer Berg,113.8,3,2001,1,1,0,1,5,454,1932
Tiergarten,95.2,2,2018,5,1,0,1,7,675,1878
Friedrichshain,79.2,2,2001,5,1,0,1,5,481,1402
Lichtenberg,68.9,2,1955,2,1,0,0,6,558,800
Tiergarten,76.1,2,2001,5,1,0,1,5,425,1546
Schöneberg,46.0,1,1894,0,0,0,1,8,230,673
Prenzlauer Berg,91.6,3,1894,0,1,0,1,2,152,1766
Charlottenburg,41.7,1,1955,1,1,0,0,3,174,698
Prenzlauer Berg,90.8,2,1894,2,1,1,0,5,,1638
Wedding,104.5,3,2018,1,1,0,1,5,373,1553
Wedding,70.7,2,2018,3,0,0,1,6,718,1034
Mitte,60.6,2,1955,4,1,,0,4,202,954
Charlottenburg,76.3,2,2001,3,1,0,1,4,535,1607
Mitte,20.7,1,1955,2,1,0,0,6,142,301
Prenzlauer Berg,73.4,2,1894,0,1,0,0,4,263,1308
Wedding,62.1,2,1955,1,0,0,,6,222,639
Mitte,63.7,2,1894,4,1,0,1,6,922,1090
Charlottenburg,86.2,2,1955,4,1,0,0,3,164,1409
Lichtenberg,63.1,2,1894,0,1,0,0,6,495,940
Tiergarten,41.2,1,1894,0,1,0,0,7,433,777
Prenzlauer Berg,61.4,1,1894,4,1,,0,7,107,870
Wedding,66.8,2,2018,1,1,0,1,1,724,1201
Friedrichshain,68.1,2,1894,3,0,0,,5,781,1076
Tiergarten,69.3,2,1955,4,1,0,0,8,374,1105
Friedrichshain,98.5,3,1955,4,1,0,1,6,329,1792
Lichtenberg,42.1,1,1955,3,1,0,0,4,58,514
Tiergarten,69.7,1,1955,2,0,0,1,4,92,1438
Friedrichshain,108.9,2,1894,4,1,0,0,6,,1772
Tiergarten,32.5,1,2001,4,0,0,0,7,146,611
Friedrichshain,69.8,2,1955,5,1,1,1,8,589,1105
Westend,51.4,1,2001,3,0,0,1,7,89,659
Mitte,56.0,2,1955,5,0,0,1,5,81,931
Schöneberg,45.3,1,1955,4,1,1,0,6,464,690
Schöneberg,60.7,1,1955,0,1,0,0,3,412,981
Wedding,135.8,3,1894,1,1,0,,3,354,1960
Tiergarten,39.2,1,1955,4,0,0,0,2,537,874
Lichtenberg,40.7,1,1894,0,0,1,0,8,189,454
Westend,38.6,1,1955,4,1,1,0,3,230,564
Friedrichshain,129.7,4,2001,2,1,0,1,5,403,2802
Wedding,54.0,1,1894,1,1,0,1,5,372,683
Lichtenberg,64.3,1,1894,3,1,0,0,5,157,723
Mitte,55.3,1,2001,6,,0,1,5,656,1016
Lichtenberg,44.6,1,1955,5,1,0,0,1,110,619
Prenzlauer Berg,59.2,2,2001,2,1,0,1,5,245,1150
Westend,150.0,4,2018,0,0,0,1,5,118,2332
Lichtenberg,113.4,3,2018,6,0,0,0,7,1281,1639
Charlottenburg,46.2,1,1955,5,0,0,1,6,336,671
Wedding,84.2,2,,3,1,0,0,7,138,1013
Charlottenburg,46.6,1,2001,4,0,1,1,5,223,833
Wedding,31.9,1,2001,3,1,0,0,3,399,560
Westend,97.7,2,2001,0,1,0,1,5,586,1487
Mitte,103.4,3,1955,0,1,0,1,8,151,1364
Prenzlauer Berg,98.8,3,1894,0,0,0,0,4,808,1962
Charlottenburg,53.9,1,1894,5,1,1,0,4,326,1055
Friedrichshain,60.8,1,1894,0,0,0,0,8,467,967
Tiergarten,87.7,2,1894,3,0,0,1,8,210,1745
Charlottenburg,76.0,2,2018,2,0,0,1,3,420,1684
Tiergarten,55.5,1,1894,0,0,0,1,7,197,1108
Friedrichshain,34.0,1,2001,6,0,0,1,5,,644
Wedding,68.0,1,2018,0,1,0,1,5,602,1125
Wedding,100.1,3,1955,5,1,0,1,5,449,1228
Wedding,40.3,1,1955,4,0,0,0,8,,400
Charlottenburg,83.9,2,2001,5,1,0,,4,579,1622
Lichtenberg,74.2,2,1894,0,1,0,0,7,389,830
Schöneberg,87.7,2,1955,5,0,0,1,1,48,1518
Friedrichshain,92.1,2,2001,4,1,0,1,6,291,1779
Friedrichshain,49.2,1,2001,2,,0,1,6,593,937
Wedding,34.0,2,2001,4,1,0,1,6,977,487
Friedrichshain,52.5,1,2018,2,0,0,1,8,126,1074
Schöneberg,92.8,3,1955,1,1,0,0,6,566,1358
Lichtenberg,52.3,2,2001,2,1,0,1,,325,670
Tiergarten,49.2,1,2001,3,0,0,1,4,107,1147
Tiergarten,31.4,1,2001,4,1,0,1,8,116,670
Lichtenberg,131.0,4,2001,1,1,0,0,5,131,1631
Schöneberg,90.4,2,2001,1,1,0,1,5,77,1771
Friedrichshain,88.4,3,2018,6,1,0,1,5,98,1791
Lichtenberg,95.7,2,1955,3,1,0,1,5,334,1189
Lichtenberg,81.9,1,2001,6,1,0,1,6,47,1065
Schöneberg,58.9,1,1894,1,0,0,,5,153,897
Westend,60.9,2,1955,1,1,,1,4,235,766
Charlottenburg,54.8,1,2001,1,1,0,,8,154,927
Tiergarten,150.0,4,2001,3,1,0,1,8,87,2649
Schöneberg,81.2,2,1955,4,1,0,0,5,317,1046
Charlottenburg,54.0,1,1955,3,1,0,0,8,151,776
Westend,78.3,2,1955,1,0,0,0,5,162,1105
Wedding,43.4,1,1894,5,0,0,0,5,280,534
Tiergarten,118.7,3,1894,3,1,0,0,8,492,2283
Schöneberg,49.9,2,2018,2,0,0,1,6,184,906
Mitte,79.4,2,1894,0,1,0,1,7,193,1335
Lichtenberg,99.6,3,2018,3,1,0,1,5,103,1630
Mitte,75.8,2,1894,3,0,0,0,5,588,1315
Westend,67.5,1,2001,6,1,0,1,3,321,1174
Schöneberg,65.3,1,,1,1,0,0,8,562,735
Prenzlauer Berg,63.5,2,2001,1,0,0,1,,626,1047
Westend,51.6,2,2001,6,1,0,1,5,182,862
Wedding,54.3,2,2001,3,1,0,1,3,533,883
Schöneberg,117.5,2,2018,0,1,0,1,6,345,2070
Wedding,62.2,1,1955,0,0,0,0,5,196,825
Lichtenberg,47.5,1,1894,2,0,0,1,7,171,616
Prenzlauer Berg,52.9,1,1894,3,0,0,0,5,314,870
Schöneberg,100.9,3,2001,1,1,0,1,3,373,1690
Tiergarten,85.2,2,1955,2,0,0,1,1,34,1855
Wedding,81.3,2,1955,4,1,0,0,4,220,965
Schöneberg,58.6,2,1955,5,1,0,1,6,361,821
Prenzlauer Berg,81.8,2,1955,2,1,0,1,7,426,1061
Friedrichshain,50.2,1,2001,2,0,0,1,5,279,871
Lichtenberg,58.6,1,2001,2,1,0,1,5,416,681
Prenzlauer Berg,95.8,,2001,0,1,0,0,4,171,1759
Wedding,92.2,2,2001,0,1,0,1,7,409,1025
Friedrichshain,43.9,1,2018,5,1,0,0,8,369,774
Lichtenberg,46.2,1,1955,0,0,,1,6,620,521
Friedrichshain,67.9,1,2018,5,0,0,0,3,836,1427
Mitte,129.7,4,1894,1,1,0,1,5,630,2236
Lichtenberg,30.2,1,2001,4,0,0,0,,252,331
Lichtenberg,72.7,2,2001,6,1,0,1,4,109,976
Mitte,37.5,1,1955,4,0,0,0,6,153,572
Prenzlauer Berg,50.4,1,1894,,1,0,0,8,821,668
Wedding,56.2,1,1955,1,1,0,1,7,327,625
Lichtenberg,54.9,1,1955,3,1,0,,6,380,597
Charlottenburg,52.5,1,2018,4,1,0,0,5,562,1030
Schöneberg,65.2,2,1955,2,1,0,0,,312,898
Wedding,52.5,1,1894,0,1,0,0,5,696,711
Wedding,36.2,1,1955,5,0,0,0,7,97,394
Wedding,88.8,2,,1,1,0,1,5,440,1045
Schöneberg,87.8,2,1894,5,1,0,0,,995,1348
Friedrichshain,91.1,2,1955,5,1,0,0,8,734,1260
Lichtenberg,35.1,1,1955,0,1,0,1,5,764,410
Lichtenberg,73.3,2,1894,4,1,0,1,4,87,1039
Wedding,85.2,3,1955,3,1,0,0,2,365,1126
Friedrichshain,43.0,1,1955,1,0,0,1,7,283,613
Mitte,65.2,2,2001,5,1,0,1,6,152,1175
Wedding,62.0,1,1955,0,0,0,,4,369,728
Tiergarten,,3,1894,1,1,0,0,7,110,2596
Lichtenberg,140.4,3,2018,6,1,0,1,8,416,1765
Charlottenburg,33.4,1,1955,4,1,0,0,7,142,518
Wedding,150.0,3,1894,0,0,0,0,6,401,2223
Lichtenberg,45.1,1,2001,1,0,0,0,8,158,477
Prenzlauer Berg,96.2,2,1894,1,1,0,1,7,241,1511
Charlottenburg,95.8,2,2001,0,1,0,0,3,223,2017
Westend,,1,2001,1,1,0,1,8,279,570
Schöneberg,79.2,1,2018,4,1,0,1,,301,1376
Prenzlauer Berg,,1,2018,0,0,0,1,8,224,1137
Westend,81.1,1,1894,1,1,0,1,7,129,1135
Lichtenberg,71.3,1,2001,2,1,0,0,6,648,925
Prenzlauer Berg,104.9,3,1894,5,,0,1,5,311,1897
Mitte,67.0,2,2001,6,0,0,1,1,,1582
Charlottenburg,60.8,2,1955,5,0,0,0,4,224,942
Prenzlauer Berg,100.8,2,1894,2,1,0,1,6,1307,1520
Friedrichshain,82.0,2,1894,3,1,0,0,7,331,1308
Friedrichshain,87.1,2,1894,3,1,0,1,1,671,2079
Wedding,49.8,1,,5,1,0,0,4,244,730
Charlottenburg,42.8,1,1894,,1,0,1,6,453,705
Lichtenberg,51.8,2,2018,6,1,0,1,4,270,913
Mitte,50.7,1,1955,3,1,0,0,3,599,896
Friedrichshain,89.0,2,,6,1,0,1,3,,2030
Wedding,96.0,,2001,5,1,1,1,6,115,1430
Lichtenberg,61.1,1,2001,5,1,0,1,6,374,909
Charlottenburg,115.2,3,1955,3,1,0,0,7,626,1695
Mitte,112.4,3,2018,2,1,0,1,5,276,2412
Friedrichshain,71.6,1,2001,4,0,0,1,3,201,1458
Schöneberg,46.8,1,2001,2,0,0,1,7,97,697
Prenzlauer Berg,122.1,3,2018,4,1,0,1,8,632,1952
Mitte,63.4,1,1955,1,1,0,1,5,147,964
Tiergarten,68.4,2,1955,4,1,0,1,7,222,1218
Prenzlauer Berg,56.7,1,2018,3,1,0,1,7,218,967
Lichtenberg,45.5,1,1955,4,1,0,0,8,294,431
Westend,36.1,1,2001,1,0,0,0,5,450,521
Prenzlauer Berg,83.7,,1894,4,1,0,0,3,1063,1516
Friedrichshain,47.5,1,1894,4,1,0,0,3,386,943
Mitte,150.0,4,1955,0,0,0,0,7,97,2421
Charlottenburg,42.1,1,1894,2,1,1,0,7,282,736
Wedding,39.3,1,2018,4,1,0,1,5,391,716
Lichtenberg,79.7,2,1894,5,1,1,1,2,704,1204
Lichtenberg,119.8,3,2001,5,0,0,1,,649,1897
Lichtenberg,66.7,2,1894,2,1,1,1,6,274,861
Lichtenberg,81.7,2,2018,2,1,0,1,8,325,1013
Lichtenberg,31.1,1,1955,5,0,0,0,5,360,398
Friedrichshain,49.6,1,1894,5,1,0,0,6,326,815
Friedrichshain,42.3,1,,5,0,0,0,5,282,635
Charlottenburg,30.5,1,1955,,1,0,1,7,852,415
Schöneberg,68.1,1,2018,3,1,0,1,7,173,1003
Friedrichshain,26.5,1,2018,1,1,0,1,4,573,554
Wedding,38.3,1,1955,5,,1,0,6,502,429
Westend,52.4,1,1955,5,,0,0,7,274,615
Schöneberg,46.6,1,1894,1,1,0,0,8,164,551
Friedrichshain,76.2,2,1955,1,0,0,0,6,310,1247
Mitte,73.5,2,1955,,1,0,0,4,464,1103
Friedrichshain,92.9,2,1894,2,0,0,0,5,12,1616
Lichtenberg,87.8,2,2001,3,0,0,1,6,109,1076
Schöneberg,102.6,2,2018,2,1,0,1,4,24,2116
Wedding,65.0,2,1894,4,0,0,0,8,378,737
Charlottenburg,73.4,2,1894,5,0,0,1,4,366,1409
Charlottenburg,79.8,2,1894,5,1,0,1,8,121,1176
Prenzlauer Berg,68.8,2,1894,,0,0,1,5,153,1088
Wedding,55.5,1,1894,4,0,0,0,1,351,877
Wedding,56.9,2,2001,4,0,0,0,5,69,828
Mitte,46.9,1,1894,1,1,0,1,6,484,883
Lichtenberg,76.9,1,2001,5,1,0,1,7,250,974
Friedrichshain,62.6,1,2018,2,1,0,1,5,294,1361
Lichtenberg,49.9,1,2018,4,1,,1,3,314,859
Friedrichshain,49.9,1,2001,5,,,1,8,99,868
Mitte,40.1,1,1894,5,1,0,1,6,315,821
Wedding,96.2,3,1894,5,0,1,1,4,444,1394
Friedrichshain,67.1,2,1894,4,1,0,0,7,167,1080
Prenzlauer Berg,46.0,1,2018,3,1,0,1,3,151,945
Prenzlauer Berg,89.8,2,2018,2,1,0,0,3,1019,1915
Mitte,51.9,1,1955,2,,0,1,5,138,749
Wedding,37.0,1,1955,5,0,0,0,6,,405
Lichtenberg,97.8,2,1955,1,0,0,0,5,752,1145
Lichtenberg,52.4,1,1894,3,1,0,0,8,64,552
Charlottenburg,55.2,2,2018,4,1,0,1,4,268,1174
Schöneberg,66.1,2,1894,0,0,0,0,8,437,1004
Mitte,102.7,3,1955,3,1,0,0,1,281,2036
Mitte,65.5,1,1955,1,0,0,0,3,54,969
Friedrichshain,40.2,1,1894,1,1,0,0,4,109,693
Lichtenberg,80.8,2,1955,3,1,0,0,2,45,1030
Lichtenberg,53.5,1,2018,0,1,0,1,5,254,754
Wedding,138.3,4,1894,0,0,0,0,7,391,1626
Schöneberg,65.0,2,1955,2,0,0,0,7,165,793
Prenzlauer Berg,26.6,1,1955,3,0,0,0,6,225,395
Schöneberg,75.0,2,1894,0,1,0,1,1,224,1328
Schöneberg,141.5,4,1894,2,0,0,0,7,671,1929
Prenzlauer Berg,122.1,3,,1,1,,0,5,347,2049
Friedrichshain,,3,1894,3,1,0,1,6,314,2459
Friedrichshain,,1,1955,1,0,0,0,6,599,657
Lichtenberg,93.6,3,,,1,0,0,4,81,1100
Prenzlauer Berg,48.7,1,2001,,0,0,1,5,344,840
Lichtenberg,71.1,2,2018,5,1,0,1,8,189,907
Friedrichshain,39.1,1,1955,3,1,0,1,4,733,726
Schöneberg,50.2,1,2001,2,1,0,1,6,602,858
Mitte,49.6,1,2001,3,0,0,1,8,189,819
Mitte,93.1,3,1894,0,1,0,0,5,236,1730
Tiergarten,89.5,3,1894,1,0,1,1,5,130,2164
Friedrichshain,72.6,2,1955,2,1,0,0,5,537,1287
Lichtenberg,37.9,1,2001,4,0,0,1,7,458,461
Charlottenburg,57.4,2,1955,2,1,0,1,5,247,1049
Westend,48.2,1,1894,5,1,0,1,5,245,676
Prenzlauer Berg,92.0,2,2018,4,0,0,1,4,202,1665
Prenzlauer Berg,104.1,3,1894,0,0,0,1,8,703,1462
Schöneberg,99.2,3,2018,3,1,0,1,7,264,1639
Friedrichshain,48.1,1,2001,4,1,0,1,6,209,755
Lichtenberg,21.7,1,2001,0,1,0,1,8,501,244
Wedding,32.1,1,2001,2,0,0,1,6,22,435
Wedding,114.8,2,1894,5,0,0,0,8,233,1264
Prenzlauer Berg,55.4,2,2001,2,0,0,1,4,550,942
Friedrichshain,48.1,1,2001,3,0,0,1,,812,953
Lichtenberg,125.4,3,2001,1,0,0,1,7,172,1509
Charlottenburg,107.8,3,1894,0,1,0,0,5,421,1935
Tiergarten,65.6,2,,1,1,0,1,5,171,1334
Charlottenburg,57.8,1,1955,4,0,0,1,6,1077,890
Wedding,61.7,1,1955,5,1,0,0,6,329,656
Westend,71.2,2,1955,3,1,0,,5,456,906
Wedding,123.3,3,2001,5,1,0,1,5,29,1993
Wedding,77.0,2,2001,4,,0,1,5,201,994
Mitte,86.9,2,2001,4,0,0,1,3,503,1711
Lichtenberg,103.8,3,1894,2,1,0,0,,81,1260
Prenzlauer Berg,40.7,1,1955,0,0,0,1,5,,565
Westend,87.9,2,1955,2,1,0,0,7,837,1039
Tiergarten,57.8,1,1894,5,1,0,0,5,522,1263
Lichtenberg,23.8,1,1894,3,0,0,0,5,432,291
Charlottenburg,27.7,1,1955,4,0,0,0,6,210,383
Tiergarten,43.3,2,1894,0,0,0,1,3,103,892
Prenzlauer Berg,80.4,2,1955,1,0,0,0,5,280,1097
Friedrichshain,68.0,1,1894,1,0,0,0,4,469,1122
Friedrichshain,70.0,2,1894,2,1,0,1,6,130,1309
Westend,141.8,3,1894,5,1,0,1,3,519,2396
Prenzlauer Berg,39.1,1,2001,3,0,0,1,5,342,669
Lichtenberg,64.3,2,1955,3,0,0,0,6,151,695
Charlottenburg,73.4,2,,3,1,1,0,7,61,1172
Wedding,48.4,1,1894,2,1,0,0,6,79,621
Prenzlauer Berg,65.7,,2018,,1,0,1,8,271,1218
Westend,34.3,1,1955,1,1,0,0,6,640,393
Schöneberg,114.2,3,2001,0,0,0,1,5,153,1832
Prenzlauer Berg,49.5,1,1955,4,1,0,1,4,699,762
Lichtenberg,146.5,4,2001,4,1,0,1,2,53,2368
Charlottenburg,64.2,2,2018,1,0,0,1,4,308,1180
Friedrichshain,98.1,2,1955,5,1,0,0,3,285,1940
Westend,63.6,1,2001,1,1,0,1,5,394,1018
Wedding,64.2,2,1894,1,1,0,0,6,337,925
Tiergarten,51.5,1,2001,1,1,0,1,6,208,1096
Prenzlauer Berg,68.2,2,1955,1,1,0,0,5,209,976
Lichtenberg,73.8,2,1894,4,1,0,1,5,561,1002
Wedding,47.5,1,2018,4,1,0,1,4,320,838
Lichtenberg,61.8,2,2018,4,1,0,1,5,27,876
Schöneberg,50.9,2,1894,5,1,0,0,5,225,701
Westend,150.0,4,2018,0,1,0,1,4,242,2324
Charlottenburg,62.7,2,1894,3,0,0,1,4,241,1128
Lichtenberg,120.6,3,1955,0,1,0,0,8,505,1321
Charlottenburg,60.1,1,2018,6,1,0,1,5,184,1102
Wedding,72.1,2,1894,3,0,0,1,6,359,891
Prenzlauer Berg,38.3,1,1955,4,1,0,0,1,847,658
Schöneberg,54.4,1,2001,3,1,0,,4,643,1106
Wedding,70.7,2,1894,2,0,0,1,,170,1094
Schöneberg,122.6,3,1955,4,1,0,0,8,327,1552
Lichtenberg,71.0,2,1894,5,1,0,0,4,11,1002
Prenzlauer Berg,113.1,3,2001,1,0,0,1,4,451,2158
Westend,84.0,2,1894,5,0,0,1,8,96,936
Charlottenburg,124.6,3,1894,4,1,0,1,5,294,2286
Prenzlauer Berg,63.5,1,2001,0,1,0,1,5,264,1050
Prenzlauer Berg,150.0,4,1894,5,,0,,6,621,2337
Friedrichshain,53.5,1,1955,1,0,0,0,5,361,915
Friedrichshain,47.8,2,2001,4,1,0,1,8,263,812
Westend,40.1,1,2001,0,1,0,1,3,473,726
Westend,150.0,4,1894,1,1,0,0,7,690,2137
Westend,90.2,2,2018,4,0,1,1,4,18,1450
Tiergarten,56.9,1,2001,4,1,0,1,7,179,993
Charlottenburg,107.1,3,1955,,1,0,1,7,864,1662
Mitte,85.6,2,2001,2,1,0,1,7,1148,1655
Wedding,142.7,3,2001,5,0,,1,7,150,1827
Lichtenberg,,1,2001,0,1,1,1,6,554,501
Mitte,58.5,2,1955,5,0,0,1,3,150,1101
Westend,54.0,1,2001,2,1,0,0,2,115,982
Friedrichshain,29.5,1,2018,4,1,0,1,5,271,618
Charlottenburg,99.3,3,1955,5,1,0,,5,600,1632
Friedrichshain,58.3,1,2001,1,1,0,1,,245,1161
Charlottenburg,87.4,2,2001,2,1,0,1,6,594,1557
Westend,,4,2018,5,0,0,1,6,633,2362
Lichtenberg,56.4,1,2018,6,1,0,,8,202,685
Mitte,54.9,1,1894,1,0,0,0,5,197,915
Schöneberg,68.2,2,1894,3,1,1,1,7,250,1263
Wedding,96.5,3,1955,1,1,0,1,6,302,1065
Lichtenberg,51.8,1,1955,3,1,0,0,8,275,523
Westend,,1,1955,2,1,0,1,7,324,631
Mitte,99.2,2,2001,0,1,0,1,4,214,2016
Westend,75.6,2,2018,6,0,0,1,1,105,1530
Charlottenburg,28.7,1,1955,3,0,0,,8,999,374
Lichtenberg,39.8,,2001,3,0,0,1,6,178,470
Prenzlauer Berg,118.5,3,1894,0,0,0,1,7,59,1823
Wedding,76.3,2,1955,0,1,0,0,7,499,802
Tiergarten,47.9,1,1894,2,1,0,0,6,124,1073
Prenzlauer Berg,60.7,1,1955,3,1,0,1,6,464,909
Lichtenberg,65.3,1,1955,1,0,0,0,8,172,587
Westend,87.2,2,2001,5,1,0,1,8,1128,1189
Prenzlauer Berg,37.8,1,2001,2,1,0,1,5,765,629
Lichtenberg,46.4,1,1955,,0,0,0,2,259,594
Lichtenberg,72.5,1,1894,3,1,0,0,2,433,1029
Charlottenburg,62.5,2,1894,1,0,0,0,5,372,973
Schöneberg,81.7,2,2018,0,1,,1,,166,1306
Prenzlauer Berg,39.7,1,2018,0,0,0,1,7,486,802
Westend,75.0,2,1955,1,0,0,0,5,322,939
Charlottenburg,100.6,3,1894,3,1,0,0,4,357,1743
Mitte,79.0,2,1955,5,1,0,0,5,458,1239
Lichtenberg,68.7,2,2001,1,1,0,1,7,281,879
Lichtenberg,62.6,,1955,0,1,0,1,6,,667
Wedding,46.5,1,1894,1,1,0,1,3,433,642
Lichtenberg,63.2,1,1955,1,1,1,0,5,517,769
Wedding,107.6,3,1894,1,1,0,0,5,519,1433
Wedding,62.0,1,1955,1,1,0,0,5,527,724
Wedding,45.5,1,1894,5,1,0,1,7,394,532
Prenzlauer Berg,53.4,1,2001,2,0,0,1,8,63,767
Prenzlauer Berg,70.4,1,1955,3,1,0,1,3,1162,1130
Mitte,56.0,2,1894,4,1,0,0,4,514,1020
Westend,78.9,2,1955,0,1,0,0,5,225,1037
Charlottenburg,80.1,2,1955,1,1,0,0,4,568,1505
Mitte,92.8,2,2001,2,0,0,1,5,112,1922
Schöneberg,114.9,3,2018,3,1,0,1,2,466,2783
Prenzlauer Berg,96.8,3,1894,0,0,0,1,2,244,1732
Mitte,44.7,1,2018,4,1,0,0,7,118,954
Wedding,45.3,1,2001,2,0,0,1,3,116,698
Lichtenberg,63.1,1,2001,2,0,0,1,7,416,806
Friedrichshain,54.3,1,1955,3,0,0,,4,452,928
Tiergarten,41.2,1,,5,1,0,1,4,140,805
Charlottenburg,54.5,1,1894,5,1,0,0,3,246,1069
Wedding,53.8,1,2018,6,0,0,1,1,387,1002
Wedding,,1,2001,2,1,0,1,5,199,630
Friedrichshain,57.3,1,1955,0,1,0,0,7,1035,844
Wedding,104.1,2,1955,1,1,0,1,8,420,1177
Friedrichshain,70.4,2,1894,2,1,0,0,2,281,1485
Prenzlauer Berg,150.0,3,1894,1,1,0,1,2,628,2974
Lichtenberg,69.6,2,2001,1,1,0,1,3,445,979
Mitte,57.9,1,1955,0,1,1,0,7,389,942
Friedrichshain,65.1,2,2001,1,1,,,4,425,1319
Prenzlauer Berg,72.0,1,2001,4,1,0,1,4,523,1317
Westend,77.4,2,2001,3,0,0,1,7,184,995
Lichtenberg,149.2,4,2001,0,1,0,1,7,47,1970
Lichtenberg,46.4,2,1894,3,0,0,0,6,664,554
Tiergarten,91.7,2,2001,5,1,0,1,4,323,2177
Friedrichshain,70.6,2,2001,2,1,0,1,5,213,1591
Wedding,34.7,1,1894,1,0,0,0,4,148,485
Charlottenburg,,2,1894,1,0,0,1,6,131,1549
Lichtenberg,107.9,3,1894,2,0,0,0,7,349,1217
Westend,46.1,1,1894,1,0,0,0,3,300,681
Friedrichshain,64.8,2,1955,5,0,0,0,7,634,860
Wedding,32.6,1,1894,5,0,1,0,5,460,458
Friedrichshain,39.3,1,2001,2,0,0,0,7,517,544
Prenzlauer Berg,98.8,2,1894,5,0,1,0,2,612,1951
Schöneberg,53.9,1,1894,5,1,0,0,5,363,873
Schöneberg,41.7,1,1894,,1,0,1,1,834,785
Wedding,71.2,2,1894,2,1,0,0,6,176,902
Westend,52.7,1,2018,4,1,0,0,2,603,905
Lichtenberg,53.8,2,1894,2,0,0,0,5,46,725
Lichtenberg,87.4,3,1894,2,1,0,1,7,49,1007
Schöneberg,40.8,1,1894,2,1,0,0,6,109,576
Friedrichshain,45.3,1,1955,4,0,0,0,6,282,708
Wedding,69.1,1,2001,2,1,0,1,6,40,954
Lichtenberg,95.8,3,2001,4,0,0,0,6,275,1143
Charlottenburg,106.7,3,1955,1,1,0,0,6,223,1515
Prenzlauer Berg,49.8,1,2001,6,1,0,1,5,1095,884
Prenzlauer Berg,94.6,2,,0,1,0,0,1,83,1830
Tiergarten,47.5,1,2001,0,1,0,1,5,338,1096
Westend,134.9,4,1955,0,1,0,0,2,453,1974
Charlottenburg,41.3,1,1894,2,1,0,0,5,797,749
Wedding,110.6,3,2001,4,1,0,1,5,509,1590
Wedding,50.0,2,2001,6,1,0,1,4,670,771
Wedding,145.4,3,1955,2,0,0,1,7,374,1584
Prenzlauer Berg,82.3,2,2018,1,1,0,1,6,160,1593
Charlottenburg,43.3,1,2018,2,1,0,1,5,75,843
Wedding,52.7,2,1894,0,1,0,0,8,541,560
Wedding,88.8,3,2001,3,0,0,1,4,215,1373
Prenzlauer Berg,99.0,2,2001,5,0,0,1,4,33,1975
Lichtenberg,63.2,2,1955,0,0,0,0,4,232,675
Friedrichshain,,1,1955,4,0,0,0,5,299,1059
Lichtenberg,88.0,2,2018,1,1,1,1,4,738,1414
Friedrichshain,68.5,2,2001,4,0,1,0,,249,1311
Friedrichshain,38.7,1,1955,4,1,0,1,4,300,689
Schöneberg,47.0,1,1894,4,0,0,0,5,304,907
Tiergarten,71.4,2,1955,4,1,1,1,5,593,1429
Tiergarten,105.7,3,2018,4,1,0,1,4,164,3009
Tiergarten,124.1,3,2001,1,0,0,1,6,410,2864
Prenzlauer Berg,88.8,2,1894,0,0,0,1,6,199,1436
Wedding,72.9,2,2018,2,0,0,1,7,,1007
Tiergarten,87.7,2,2001,4,1,0,1,6,841,1883
Westend,49.8,1,1955,3,,,1,5,339,657
Wedding,,1,1894,4,1,0,0,5,389,884
Friedrichshain,46.7,1,1955,1,1,0,,6,253,702
Friedrichshain,39.4,,1894,5,1,0,0,5,49,708
Lichtenberg,74.3,2,1955,2,1,0,1,5,306,850
Wedding,70.0,1,2001,1,0,1,1,4,285,960
Schöneberg,85.6,2,2018,5,1,0,1,6,228,1618
Wedding,80.9,2,1955,0,0,0,0,2,249,1156
Friedrichshain,71.6,2,2018,2,0,0,1,8,414,1218
Prenzlauer Berg,81.2,2,2018,5,1,0,1,3,390,1849
Wedding,63.9,2,1894,4,1,0,0,5,255,764
Mitte,76.7,2,1894,1,1,0,1,4,771,1493
Wedding,48.6,1,2001,1,1,0,1,4,40,722
Schöneberg,75.4,2,2001,0,0,0,1,5,171,1247
Wedding,84.9,2,1955,0,1,0,0,6,541,979
Prenzlauer Berg,49.7,1,2001,5,1,0,1,4,58,917
Charlottenburg,66.4,,2001,5,0,0,1,4,39,1199
Mitte,50.7,1,2001,3,0,1,1,3,169,1104
Mitte,52.7,1,2001,3,0,0,1,5,288,1094
Wedding,41.4,1,1894,1,1,0,1,8,,470
Friedrichshain,107.8,3,1894,1,0,0,0,5,349,2216
Friedrichshain,99.6,3,1894,0,1,0,0,7,43,1573
Friedrichshain,80.6,2,2018,4,1,0,1,5,155,1753
Friedrichshain,143.1,4,2018,0,0,0,1,5,482,3078
Wedding,60.3,1,2001,0,0,,,7,412,743
Prenzlauer Berg,150.0,3,1894,4,1,0,1,1,182,3296
Lichtenberg,59.3,1,1955,,1,0,0,7,331,638
Friedrichshain,72.0,2,1894,2,1,0,1,5,283,1320
Westend,55.4,1,1955,1,0,0,1,5,290,777
Prenzlauer Berg,75.4,2,1894,0,0,0,1,7,370,1041
Prenzlauer Berg,90.8,3,2001,3,1,0,1,5,875,1549
Lichtenberg,62.1,1,1894,2,1,0,0,8,888,706
Lichtenberg,132.3,3,2001,3,0,0,1,8,,1583
Lichtenberg,71.5,1,2018,1,0,0,1,4,244,1102
Mitte,72.4,2,2001,1,1,1,1,5,104,1496
Mitte,45.2,1,1894,0,1,0,1,7,393,752
Westend,76.8,2,2018,2,0,,1,4,255,1416
Charlottenburg,61.6,2,2001,1,1,0,0,6,610,1072
Wedding,51.0,1,1955,1,1,0,0,3,299,630
Schöneberg,47.6,1,2001,3,1,0,1,4,794,793
Schöneberg,150.0,4,2018,3,1,0,1,5,912,3107
Wedding,58.5,2,1955,1,0,0,0,6,774,615
Wedding,36.3,1,1955,4,1,0,0,6,27,424
Tiergarten,49.2,1,1955,2,1,0,0,6,367,966
Tiergarten,63.7,2,1894,2,,0,0,4,226,1439
Westend,80.9,2,2001,3,0,0,1,5,255,1141
Prenzlauer Berg,81.2,3,1894,0,1,0,0,4,541,1307
Mitte,85.2,2,1955,2,1,0,0,4,239,1662
Prenzlauer Berg,50.2,1,1955,3,1,0,0,5,314,694
Wedding,74.5,2,1894,0,1,0,0,6,327,913
Wedding,45.8,1,1955,3,0,0,0,4,40,572
Schöneberg,50.7,1,2001,0,0,0,0,2,211,916
Prenzlauer Berg,45.0,1,1894,3,0,0,0,6,639,712
Charlottenburg,40.4,2,1894,0,1,0,0,1,33,737
Schöneberg,99.5,3,2018,1,1,0,1,8,448,1580
Charlottenburg,85.6,2,2018,2,0,0,1,5,141,1743
Schöneberg,96.1,2,1955,3,1,0,1,1,222,1734
Westend,66.0,1,1955,4,0,0,0,7,511,714
Tiergarten,88.7,3,1894,2,1,0,0,6,112,1638
Tiergarten,32.1,1,1894,0,1,0,1,7,238,631
Mitte,91.8,3,1955,2,1,0,0,5,60,1370
Lichtenberg,69.8,2,2018,5,1,0,1,5,405,1138
Westend,83.5,2,2001,0,1,0,1,6,156,1240
Friedrichshain,75.7,2,1955,4,,0,0,,78,1180
Lichtenberg,43.8,1,2018,2,1,0,1,5,299,606
Prenzlauer Berg,35.7,1,1955,0,1,0,1,4,57,543
Prenzlauer Berg,48.9,1,1894,4,0,0,1,5,217,716
Lichtenberg,81.5,3,1955,0,1,0,1,3,144,1073
Tiergarten,85.7,2,1894,2,0,0,0,7,351,1472
Mitte,37.6,1,2018,1,1,0,1,5,357,827
Schöneberg,43.9,1,1955,3,1,0,0,8,167,560
Mitte,48.7,,2001,0,1,0,1,4,781,1063
Westend,56.3,1,1955,0,0,0,1,5,618,730
Mitte,37.7,1,2018,3,1,,1,4,126,912
Friedrichshain,36.8,1,2001,6,0,0,1,6,1249,730
Mitte,46.8,1,1955,0,1,0,0,7,494,708
Prenzlauer Berg,67.3,2,,2,0,0,1,5,380,1124
Friedrichshain,40.5,1,2018,5,0,0,1,5,399,805
Friedrichshain,62.1,2,1955,1,0,0,0,6,96,872
Lichtenberg,99.3,3,1894,2,1,0,,4,688,1471
Charlottenburg,38.6,1,2018,5,0,0,1,6,41,745
Charlottenburg,59.8,1,1894,4,1,0,0,6,397,1022
Tiergarten,97.9,2,1894,1,0,0,1,4,623,2021
Charlottenburg,55.0,1,1955,4,1,0,0,6,135,904
Mitte,51.7,1,1955,4,1,0,0,6,519,794
Westend,103.5,2,1955,3,1,0,0,3,322,1377
Mitte,57.5,1,1894,2,0,0,0,5,543,970
Lichtenberg,101.1,2,1894,5,1,0,1,5,604,1463
Lichtenberg,77.2,1,1894,5,1,0,0,7,829,822
Friedrichshain,56.7,1,1894,5,1,0,1,6,709,955
Friedrichshain,78.7,2,2018,4,0,,1,5,48,1992
Friedrichshain,73.9,2,,2,1,0,0,5,128,1291
Westend,97.8,2,1955,0,0,0,0,1,428,1377
Friedrichshain,52.2,1,1955,0,1,0,0,1,609,937
Lichtenberg,66.1,2,2001,6,0,0,0,4,112,791
Wedding,,2,1894,2,0,0,0,3,487,902
Wedding,86.1,2,1894,0,0,0,0,3,744,1280
Schöneberg,43.1,1,,1,0,1,1,6,593,806
Lichtenberg,97.6,3,1955,0,1,0,1,6,482,952
Tiergarten,78.3,2,2001,3,1,0,0,2,283,1773
Prenzlauer Berg,38.4,1,2018,4,0,0,1,6,273,682
Charlottenburg,105.4,3,2001,2,1,0,1,3,1116,2561
Lichtenberg,150.0,4,1894,4,1,0,1,5,195,2069
Schöneberg,97.0,3,1894,2,0,0,0,8,128,1305
Wedding,,3,1894,5,1,0,0,5,78,1410
Friedrichshain,67.3,1,2001,5,1,0,0,2,461,1260
Lichtenberg,33.4,1,2018,,0,0,0,5,416,471
Prenzlauer Berg,31.1,1,2018,1,1,0,1,6,304,573
Prenzlauer Berg,72.0,2,1894,4,1,0,0,4,416,1222
Lichtenberg,51.3,1,2001,3,1,0,0,8,,573
Prenzlauer Berg,45.1,1,1955,4,1,1,0,5,252,680
Prenzlauer Berg,63.4,2,2001,,0,0,1,1,438,1205
Schöneberg,83.1,2,1955,0,0,0,0,,234,1261
Friedrichshain,36.4,1,1894,4,1,0,1,6,448,608
Charlottenburg,54.3,2,1894,4,1,0,1,5,747,930
Mitte,118.9,2,2018,4,1,0,0,8,581,2137
Friedrichshain,42.3,1,1955,2,1,0,1,7,929,677
Lichtenberg,92.0,3,1955,0,0,0,0,3,196,1045
Schöneberg,53.5,1,1955,4,1,0,1,2,160,948
Charlottenburg,80.9,2,1955,3,1,0,0,5,409,1194
Prenzlauer Berg,100.8,2,2018,4,0,0,1,6,202,1785
Prenzlauer Berg,87.4,2,1894,1,0,0,0,6,463,1490
Westend,93.5,,1894,4,1,0,0,4,350,1309
Lichtenberg,41.0,1,2001,5,1,0,,8,130,508
Lichtenberg,101.5,3,1955,5,1,0,0,4,423,1299
Prenzlauer Berg,46.2,1,1894,3,1,0,0,7,139,709
Charlottenburg,72.1,2,,4,1,0,,7,784,1109
Prenzlauer Berg,72.1,,1894,2,0,0,0,3,256,1462
Schöneberg,78.9,2,1894,4,0,0,0,4,158,1263
Prenzlauer Berg,74.4,2,1894,4,1,0,0,4,359,1305
Westend,46.4,2,1894,4,1,1,0,8,388,604
Schöneberg,37.9,1,2001,5,1,0,1,5,191,652
Charlottenburg,92.1,2,2018,0,1,0,1,7,183,1802
Charlottenburg,70.0,1,2018,5,1,0,1,5,56,1379
Charlottenburg,102.9,3,1955,4,1,0,0,,560,1365
Friedrichshain,63.8,2,1894,3,0,0,0,7,769,1050
Friedrichshain,37.1,1,2018,3,0,0,1,5,621,711
Wedding,95.7,3,2001,5,0,0,1,6,154,1333
Prenzlauer Berg,56.0,2,1955,2,1,0,1,5,415,852
Mitte,74.5,1,1894,2,1,0,0,3,363,1580
Schöneberg,50.2,1,1955,4,1,0,0,2,74,762
Wedding,125.5,3,1955,4,1,0,0,4,189,1520
Mitte,45.8,1,1955,1,1,0,1,6,394,715
Wedding,56.8,,1894,4,0,0,1,5,33,676
Lichtenberg,67.9,2,2018,2,0,0,1,5,111,1057
Schöneberg,,1,,0,1,0,0,3,514,583
Westend,74.2,2,1955,5,,0,0,6,149,985
Tiergarten,123.9,3,1894,1,1,0,1,7,75,2471
Lichtenberg,53.4,1,2001,1,1,0,1,6,599,684
Prenzlauer Berg,76.1,2,2001,1,1,0,1,8,149,1197
Lichtenberg,21.6,1,1894,2,1,0,0,1,517,331
Schöneberg,64.0,1,1955,0,1,0,0,1,915,1050
Tiergarten,57.3,2,2001,1,0,0,1,5,108,1263
Tiergarten,,1,2001,2,1,0,1,4,264,1152
Wedding,100.2,3,1894,1,1,1,0,6,366,1282
Schöneberg,57.0,2,2018,1,1,0,1,7,591,990
Tiergarten,60.5,1,1955,5,0,0,1,3,189,1018
Wedding,55.9,2,1894,3,1,0,0,8,13,562
Lichtenberg,30.2,1,1894,0,1,0,0,1,108,471
Prenzlauer Berg,41.3,1,1894,0,1,0,0,6,,632
Prenzlauer Berg,95.5,2,1894,4,1,1,0,5,516,1589
Tiergarten,27.9,1,1955,1,1,0,0,6,266,496
Wedding,47.8,1,2001,1,,1,1,3,492,772
Charlottenburg,55.4,2,1894,3,1,0,1,8,216,781
Lichtenberg,130.6,3,2018,5,0,0,1,8,340,1443
Charlottenburg,88.4,2,1894,,1,0,1,5,544,1346
Schöneberg,52.0,1,1955,4,1,0,1,5,648,798
Charlottenburg,109.5,3,2018,2,1,0,1,,1053,2040
Friedrichshain,48.3,1,2001,0,1,0,1,6,376,964
Wedding,97.3,3,2001,5,1,0,1,5,43,1355
Prenzlauer Berg,37.7,1,2001,6,1,0,1,6,425,655
Schöneberg,99.9,2,1894,5,1,0,1,,39,1460
Lichtenberg,55.3,2,1894,0,0,0,0,6,463,646
Lichtenberg,43.1,2,1955,3,1,,0,4,331,517
Lichtenberg,59.6,2,1894,3,0,1,0,8,624,656
Friedrichshain,72.6,2,1955,0,0,0,0,4,214,1102
Schöneberg,53.3,1,1894,5,1,0,0,4,343,932
Lichtenberg,81.1,3,2018,0,1,0,1,8,431,1169
Charlottenburg,51.5,1,2018,1,1,0,1,4,18,1214
Friedrichshain,83.3,3,2001,6,0,0,1,3,416,1653
Wedding,77.6,2,2001,3,1,0,1,6,159,1010
Prenzlauer Berg,63.4,2,1894,4,1,0,1,7,385,938
Schöneberg,54.5,2,1894,2,1,0,0,2,30,970
Lichtenberg,69.1,2,2001,5,0,0,1,5,479,905
Westend,81.0,2,2001,0,1,0,1,2,450,1319
Prenzlauer Berg,148.3,3,1955,4,1,0,1,5,605,2034
Charlottenburg,94.6,3,1955,0,1,0,1,5,56,1493
Prenzlauer Berg,96.0,3,1955,1,1,0,0,3,1033,1218
Friedrichshain,150.0,4,1894,3,0,0,,8,89,2241
Wedding,79.9,3,1894,2,0,0,1,6,341,942
Wedding,78.9,2,1955,0,1,0,0,7,226,910
Charlottenburg,86.1,2,2001,5,1,0,1,7,272,1547
Charlottenburg,43.4,1,2018,2,0,0,1,8,934,781
Lichtenberg,54.4,2,1955,5,1,0,0,6,104,578
Tiergarten,53.1,,,0,1,0,1,4,837,1145
Schöneberg,84.2,2,2001,1,1,0,1,7,529,1231
Prenzlauer Berg,60.6,2,,1,1,0,1,5,296,1045
Wedding,68.7,2,2001,4,0,0,1,4,294,888
Friedrichshain,100.4,3,1955,2,0,0,0,5,452,1749
Westend,91.8,3,1955,0,1,0,1,4,212,1236
Charlottenburg,60.9,2,1894,3,0,0,1,5,248,1065
Westend,49.7,2,2018,6,1,0,1,7,340,673
Tiergarten,102.4,2,2018,0,0,0,1,5,773,2269
Prenzlauer Berg,88.6,2,1894,1,1,0,0,4,269,1340
Schöneberg,34.2,1,1894,2,1,0,,3,48,635
Mitte,57.3,,1894,4,1,0,0,7,351,935
Friedrichshain,69.4,2,2001,0,1,0,0,5,282,1379
Friedrichshain,88.8,,1955,1,1,0,0,5,172,1459
Charlottenburg,93.5,2,1894,1,1,0,0,7,393,1498
Friedrichshain,72.8,2,2001,4,0,0,1,7,177,1217
Lichtenberg,82.1,3,1955,0,0,1,0,5,263,955
Prenzlauer Berg,66.7,1,1955,3,1,0,0,6,341,940
Wedding,49.6,1,1955,2,1,0,0,4,367,642
Lichtenberg,58.6,2,1955,1,1,0,0,8,417,594
Friedrichshain,65.5,2,1955,5,1,0,,6,,1245
Westend,64.1,2,1894,4,1,0,0,6,335,985
Lichtenberg,30.6,1,1955,4,0,0,,3,63,326
Westend,55.4,2,2018,6,0,0,1,6,377,852
Prenzlauer Berg,66.5,2,1955,1,1,0,0,5,594,961
Prenzlauer Berg,58.1,1,2018,5,0,0,1,5,47,1194
Tiergarten,58.9,2,1955,1,1,0,1,6,64,1054
Schöneberg,79.0,2,2001,2,1,0,1,,153,1264
Lichtenberg,42.2,1,1894,3,1,0,0,5,568,454
Lichtenberg,33.9,1,2001,5,1,0,1,7,145,378
Tiergarten,56.5,1,1894,,1,,0,4,574,1423
Wedding,88.2,2,1894,3,0,0,0,6,360,1087
Charlottenburg,127.7,3,,2,1,0,0,3,184,2221
Lichtenberg,88.9,2,1894,3,1,1,0,4,1500,1277
Tiergarten,36.1,1,2018,3,1,0,1,7,91,747
Lichtenberg,59.2,1,2018,3,0,0,1,,307,991
Wedding,72.0,1,2001,4,1,0,1,8,129,807
Friedrichshain,69.8,2,1894,3,0,0,1,5,390,1187
Tiergarten,80.6,2,2018,2,0,0,1,6,134,1765
Wedding,45.0,1,2001,0,1,0,0,3,208,746
Friedrichshain,66.7,1,1955,1,0,0,0,6,159,1037
Schöneberg,,2,1955,2,0,0,0,7,243,1001
Lichtenberg,90.4,3,2001,1,0,0,0,5,590,1159
Schöneberg,47.1,1,,1,1,0,0,5,77,790
Prenzlauer Berg,56.6,1,1955,5,1,0,1,7,147,737
Prenzlauer Berg,22.0,1,2001,1,1,0,1,6,216,354
Tiergarten,50.7,1,1894,4,1,0,0,3,251,1185
Lichtenberg,52.7,1,1955,0,0,0,0,6,738,542
Charlottenburg,43.2,1,1955,5,0,1,0,6,153,656
Friedrichshain,69.5,2,2001,1,1,0,1,,572,1281
Charlottenburg,63.6,1,2018,2,1,0,1,5,804,1395
Lichtenberg,26.3,1,2001,5,1,0,1,5,264,392
Friedrichshain,70.9,2,2001,1,0,0,0,8,120,1072
Lichtenberg,44.8,1,1955,3,1,1,1,6,674,472
Wedding,78.9,2,2001,5,0,0,0,5,537,1017
Wedding,38.9,2,1955,0,1,0,,8,109,389
Lichtenberg,65.8,1,1894,0,1,0,0,4,890,924
Wedding,58.0,2,2001,5,0,0,1,5,166,858
Lichtenberg,73.4,2,2001,1,1,0,1,6,261,888
Friedrichshain,68.3,2,1955,5,1,0,0,6,476,1011
Wedding,58.7,2,2018,6,0,0,1,8,818,692
Schöneberg,35.2,1,2001,6,1,0,1,6,374,577
Schöneberg,36.0,1,,,0,0,0,5,239,494
Lichtenberg,51.5,1,1894,4,0,0,0,5,212,666
Lichtenberg,64.8,2,1894,2,0,0,1,3,239,919
Wedding,51.0,2,1955,5,1,0,0,8,1233,552
Prenzlauer Berg,83.5,2,1955,2,1,0,1,3,413,1243
Prenzlauer Berg,58.1,1,1894,3,0,0,0,5,336,887
Prenzlauer Berg,44.2,1,1894,0,1,0,0,5,541,781
Charlottenburg,58.2,2,1894,5,0,0,1,3,253,1034
Prenzlauer Berg,71.1,2,2001,4,0,1,1,4,789,1215
Friedrichshain,74.0,2,2001,6,1,,1,6,439,1460
Friedrichshain,137.8,3,1955,2,1,0,1,2,234,2514
Wedding,49.7,1,1894,1,0,0,0,8,196,592
Prenzlauer Berg,63.1,2,1894,3,1,0,1,7,54,970
Lichtenberg,77.1,2,1894,5,,0,0,3,589,1046
Westend,64.4,1,1955,3,0,0,0,7,77,798
Tiergarten,53.2,1,1894,4,,0,1,5,758,1033
Friedrichshain,35.0,1,1955,1,1,0,1,2,143,735
Mitte,53.0,1,2018,5,0,0,1,4,160,1096
Lichtenberg,42.3,2,1955,4,0,0,0,7,1034,426
Mitte,32.6,1,2001,6,1,0,0,6,558,601
Schöneberg,47.3,1,1894,0,0,0,1,4,330,752
Lichtenberg,42.8,1,,2,0,0,0,6,969,473
Lichtenberg,82.1,2,2018,0,1,0,0,6,284,1112
Mitte,82.7,2,1955,2,1,0,1,6,205,1231
Tiergarten,45.3,1,2001,5,0,0,1,5,354,1122
Friedrichshain,58.6,2,2018,4,1,0,1,7,618,1103
Tiergarten,30.9,1,1955,,0,0,0,6,96,577
Mitte,53.3,2,,4,1,0,1,3,157,1161
Schöneberg,76.2,2,1955,5,1,0,0,7,123,1012
Lichtenberg,90.4,2,1894,5,1,0,1,5,105,1161
Schöneberg,48.9,1,1894,3,1,0,0,6,261,749
Westend,99.0,2,1894,5,0,0,1,6,102,1391
Mitte,35.4,1,2018,0,1,0,1,5,46,762
Wedding,39.5,1,2001,5,0,0,1,4,156,514
Westend,86.3,2,1894,3,1,0,0,6,147,1038
Lichtenberg,126.8,3,1894,5,0,0,0,7,421,1560
Lichtenberg,79.2,2,2001,3,0,0,1,7,580,786
Charlottenburg,64.0,2,2018,1,1,,1,6,178,1245
Friedrichshain,27.0,1,1894,4,1,0,0,4,158,505
Mitte,28.9,1,1955,5,0,0,1,5,995,473
Prenzlauer Berg,68.5,2,2018,0,0,0,1,6,565,1133
Lichtenberg,56.3,2,2018,0,1,0,1,5,387,860
Charlottenburg,41.8,1,2018,4,1,0,0,6,228,795
Wedding,66.7,1,1894,3,0,0,1,4,556,1118
Schöneberg,68.1,2,1894,3,1,0,0,,113,1289
Friedrichshain,94.8,3,1955,0,1,0,0,6,574,1626
Charlottenburg,68.7,2,1894,3,1,0,0,6,436,1008
Westend,106.2,2,2018,3,1,0,1,6,497,1836
Westend,65.2,2,1894,5,0,,0,4,333,960
Prenzlauer Berg,62.1,1,2001,2,1,0,1,7,83,1022
Mitte,99.5,2,2018,2,0,0,0,5,117,2049
Wedding,43.9,1,2018,0,1,0,0,7,453,690
Friedrichshain,150.0,4,2001,3,1,0,1,6,420,2848
Lichtenberg,75.5,2,2018,4,1,0,1,5,194,1065
Friedrichshain,75.7,2,1894,1,1,0,1,6,191,1288
Friedrichshain,80.2,2,1955,4,0,0,0,6,685,1278
Prenzlauer Berg,137.7,4,1894,5,0,0,1,5,300,2321
Schöneberg,89.2,,2018,1,0,0,1,6,148,1376
Schöneberg,34.2,1,2018,4,1,0,1,3,762,720
Prenzlauer Berg,114.0,3,1894,4,1,0,0,8,714,1506
Lichtenberg,56.7,1,1894,0,1,0,1,5,300,758
Prenzlauer Berg,67.8,2,1955,1,0,0,0,4,349,964
Prenzlauer Berg,39.0,1,1894,2,1,0,0,7,567,574
Prenzlauer Berg,80.2,2,2001,0,1,0,,4,477,1432
Tiergarten,50.1,1,1894,2,1,0,0,8,80,999
Schöneberg,67.7,2,2001,1,1,0,1,5,779,1185
Mitte,58.0,2,1955,5,0,0,1,4,65,1072
Westend,140.4,4,1955,3,1,1,0,2,417,2675
Tiergarten,143.6,4,1894,1,0,0,0,2,99,3306
Lichtenberg,66.2,1,2018,5,1,0,1,3,476,1195
Prenzlauer Berg,66.7,2,2001,0,1,0,1,1,163,1330
Lichtenberg,56.0,1,1955,3,1,0,0,5,173,697
Prenzlauer Berg,101.2,3,1955,4,,0,0,5,544,1373
Tiergarten,57.0,1,2018,5,,0,1,5,99,1393
Wedding,54.9,1,,1,1,,0,4,194,836
Westend,96.1,2,2001,,0,0,1,2,103,1709
Wedding,52.4,2,2001,5,1,0,1,2,330,781
Prenzlauer Berg,64.0,2,2018,5,1,0,1,4,101,1224
Westend,34.5,1,1894,1,1,0,1,5,391,528
Lichtenberg,86.1,2,2001,6,1,0,1,3,708,1245
Westend,141.3,4,1955,1,0,0,0,5,34,1595
Charlottenburg,86.7,2,1955,2,0,0,1,8,164,1128
Westend,116.6,3,2018,1,0,0,1,4,113,1970
Westend,46.3,1,2018,1,0,0,1,4,82,799
Lichtenberg,71.4,1,1955,1,0,0,1,6,384,796
Charlottenburg,44.6,1,1955,0,1,0,0,5,351,708
Prenzlauer Berg,59.3,2,2018,,1,0,1,2,776,1240
Wedding,88.5,2,2018,4,1,0,1,7,504,1230
Schöneberg,67.7,2,2001,2,0,0,1,6,313,1132
Wedding,36.9,1,1894,3,0,0,1,8,371,404
Prenzlauer Berg,38.4,1,1955,3,0,0,0,8,194,460
Mitte,,1,2018,1,1,0,1,6,,688
Wedding,79.1,2,2001,2,1,0,1,6,66,1082
Friedrichshain,148.4,4,2001,6,0,0,1,5,268,2869
Mitte,112.1,3,2001,0,1,0,1,7,426,1735
Westend,30.4,1,1955,5,1,0,0,5,257,364
Wedding,114.8,3,1955,,1,0,0,5,170,1249
Lichtenberg,94.5,3,2001,1,1,0,1,1,324,1603
Charlottenburg,35.0,1,1894,1,,0,0,6,148,481
Friedrichshain,57.6,1,2001,1,0,0,,5,244,1081
Lichtenberg,,3,,3,0,0,,7,539,1263
Friedrichshain,81.0,2,2001,1,1,0,1,4,563,1675
Mitte,38.5,1,1894,,1,0,0,7,356,616
Charlottenburg,83.0,,2001,2,0,0,0,1,123,1753
Schöneberg,27.6,1,1894,5,1,0,0,6,225,448
Lichtenberg,59.5,2,1894,5,1,0,1,,328,765
Wedding,102.5,3,1955,2,0,0,0,5,163,1017
Wedding,65.5,1,1894,3,1,0,1,5,921,970
Friedrichshain,53.2,2,2018,0,1,0,1,4,166,1223
Charlottenburg,92.8,2,2018,0,0,0,1,,311,1881
Prenzlauer Berg,96.0,2,1894,3,1,0,1,7,588,1286
Friedrichshain,109.8,3,2001,3,1,0,1,4,823,2194
Charlottenburg,92.2,3,1955,2,1,,1,6,120,1302
Charlottenburg,100.2,3,2001,0,0,0,1,6,68,1555
Friedrichshain,87.1,3,2018,5,1,0,1,2,353,2094
Schöneberg,72.3,2,1955,2,1,0,0,7,996,901
Wedding,67.4,1,1894,2,1,0,0,7,80,791
Tiergarten,59.1,1,1894,2,0,1,0,7,232,1220
Prenzlauer Berg,40.0,1,1955,2,0,0,0,7,376,529
Wedding,44.4,1,2018,4,1,0,1,6,322,644
Wedding,58.1,1,1955,4,1,0,0,8,421,577
Wedding,71.6,2,1955,3,0,0,0,,744,843
Prenzlauer Berg,115.7,3,1894,0,0,0,,2,597,2074
Wedding,63.9,2,2018,6,0,0,1,6,228,964
Mitte,97.1,2,1955,,0,0,0,4,79,1494
Charlottenburg,100.1,3,2001,0,1,0,1,6,628,1942
Friedrichshain,59.3,2,2001,0,1,0,0,5,232,1179
Prenzlauer Berg,82.5,2,1894,4,1,0,0,5,319,1126
Prenzlauer Berg,59.0,1,1894,2,0,0,1,7,554,879
Mitte,110.3,2,1955,0,1,0,0,3,615,2120
Wedding,83.8,2,1894,4,1,0,0,4,532,1203
Charlottenburg,40.4,1,2001,2,0,0,1,6,887,663
Charlottenburg,69.3,2,2001,6,1,0,1,7,293,1152
Friedrichshain,125.7,3,1894,5,0,0,0,7,175,2021
Prenzlauer Berg,60.5,1,1955,,1,0,0,4,133,993
Charlottenburg,77.7,2,1894,4,1,0,,7,184,1119
Charlottenburg,80.9,2,1894,3,1,0,0,6,190,1263
Mitte,42.9,1,2001,1,0,0,0,7,357,802
Wedding,79.7,2,2001,,0,0,1,2,453,1262
Lichtenberg,37.2,1,2001,3,1,0,1,5,117,563
Prenzlauer Berg,50.6,1,1894,0,1,0,0,5,555,1031
Westend,100.0,2,1955,4,1,0,1,6,593,1217
Lichtenberg,75.0,2,1955,1,0,0,0,3,460,832
Lichtenberg,57.5,,2018,6,0,0,1,5,207,813
Westend,77.7,2,2001,5,0,0,1,6,726,1189
Lichtenberg,63.5,2,2018,4,1,0,1,5,289,1032
Lichtenberg,65.3,2,,0,1,0,1,5,157,992
Wedding,84.5,2,1955,0,1,1,0,4,115,1130
Prenzlauer Berg,48.6,1,2001,1,1,0,1,,336,812
Friedrichshain,66.1,2,1955,2,1,0,0,6,210,982
Tiergarten,57.4,1,2001,5,1,0,1,5,88,1076
Prenzlauer Berg,34.5,1,1955,0,1,0,0,8,64,441
Prenzlauer Berg,45.0,1,2018,4,0,0,1,6,374,744
Prenzlauer Berg,121.7,3,1894,0,1,0,1,4,75,2249
Schöneberg,75.8,2,2018,1,0,,1,6,22,1141
Schöneberg,,1,1955,3,0,0,0,8,599,429
Wedding,35.1,1,1955,4,1,0,0,1,130,509
Friedrichshain,62.1,2,1955,4,1,0,0,6,419,995
Mitte,121.4,3,1894,3,0,0,0,3,330,2326
Wedding,60.3,2,2018,0,1,0,1,7,172,983
Wedding,109.6,3,2018,2,1,0,1,6,782,1836
Lichtenberg,74.8,2,2018,5,1,0,1,,468,920
Lichtenberg,78.5,2,2018,0,0,0,1,6,275,1207
Lichtenberg,38.1,1,2001,4,0,1,0,1,141,699
Charlottenburg,94.6,2,1955,4,0,0,0,5,442,1392
Prenzlauer Berg,56.8,1,2018,5,0,,1,7,492,971
Mitte,91.8,2,1894,1,1,0,0,4,308,1739
Westend,46.9,1,2001,1,0,0,1,3,281,728
Lichtenberg,69.8,2,1955,1,0,,1,6,467,722
Charlottenburg,74.8,2,,2,1,0,1,5,270,1505
Schöneberg,61.1,2,1955,3,0,0,0,2,154,991
Charlottenburg,76.4,2,1955,0,0,0,,4,81,1169
Friedrichshain,58.4,1,1894,3,1,0,0,5,272,995
Mitte,50.1,2,1955,1,1,0,0,6,78,742
Tiergarten,123.5,4,1955,3,1,0,1,5,496,2338
Lichtenberg,98.9,3,1894,1,0,0,,,272,1290
Prenzlauer Berg,47.9,,,5,1,0,0,7,550,677
Wedding,81.6,2,1955,1,1,0,1,4,349,1117
Wedding,48.3,1,1894,5,1,0,1,6,420,639
Mitte,40.5,1,2001,1,0,0,1,5,167,772
Friedrichshain,98.3,3,1894,0,0,0,,5,258,1854
Wedding,32.9,1,1955,1,0,0,0,5,346,405
Mitte,94.2,2,1894,2,1,,1,6,317,1516
Lichtenberg,58.8,2,1955,5,1,0,1,8,,550
Friedrichshain,59.7,2,1955,1,0,0,0,4,114,972
Westend,76.6,2,2001,5,1,0,1,3,48,1317
Wedding,82.0,2,1955,4,1,,0,5,107,1085
Mitte,46.7,1,1955,2,0,0,1,5,15,759
Charlottenburg,86.6,3,1894,2,1,0,0,4,56,1743
Lichtenberg,68.0,,1955,5,1,0,0,7,365,670
Mitte,39.3,1,1955,4,0,0,0,7,232,541
Prenzlauer Berg,60.7,1,2001,1,0,0,1,5,146,1019
Prenzlauer Berg,112.9,3,1955,5,1,0,0,5,229,1586
Mitte,127.1,3,2001,2,1,0,0,2,37,2994
Wedding,86.6,3,1955,0,1,0,0,5,266,858
Wedding,40.4,1,1894,,1,0,1,6,87,509
Charlottenburg,79.1,2,1894,5,1,,1,7,657,1363
Wedding,91.4,2,,2,1,0,0,5,434,1195
Mitte,86.9,2,1955,4,0,0,1,3,408,1656
Tiergarten,89.0,2,2001,1,1,0,1,4,313,2423
Schöneberg,75.2,1,2001,5,1,0,1,3,461,1402
Lichtenberg,63.1,2,1955,2,1,0,1,8,,691
Tiergarten,51.0,2,1894,1,1,0,0,7,143,1141
Mitte,30.4,1,2018,3,1,1,1,7,413,654
Schöneberg,74.5,2,1894,1,1,0,1,,571,1095
Wedding,70.0,2,1955,3,0,0,0,3,120,948
Friedrichshain,81.2,2,2018,5,0,0,1,6,65,1738
Prenzlauer Berg,38.1,1,1955,2,0,0,0,6,942,520
Wedding,84.1,2,1894,4,1,0,1,4,714,1161
Charlottenburg,147.9,4,1894,2,0,0,0,5,290,2750
Friedrichshain,67.1,2,2001,6,0,0,1,6,27,1185
Mitte,63.4,1,1894,1,1,0,1,7,347,1167
Prenzlauer Berg,73.6,2,2001,4,1,0,1,3,1279,1450
Prenzlauer Berg,146.5,4,1955,3,,0,0,7,458,2163
Lichtenberg,43.2,1,1955,5,0,0,0,8,432,384
Westend,70.5,2,1894,1,1,0,0,8,274,820
Wedding,47.2,1,2001,1,1,0,1,1,404,848
Lichtenberg,52.2,1,1955,5,1,0,0,4,457,575
Prenzlauer Berg,63.7,2,2001,6,1,0,1,6,326,1089
Prenzlauer Berg,111.4,3,1955,,,0,0,5,244,1783
Lichtenberg,133.6,4,1894,2,1,0,0,2,330,1700
Mitte,77.8,2,1955,2,0,0,0,7,319,1144
Wedding,55.9,2,1955,3,0,0,0,1,34,841
Wedding,150.0,4,,4,1,0,0,5,1120,1800
Friedrichshain,54.8,1,2001,1,0,0,1,8,432,834
Prenzlauer Berg,51.7,1,2018,0,0,0,0,5,639,931
Mitte,32.0,1,2001,0,1,0,1,8,356,510
Friedrichshain,113.6,3,1955,2,1,0,1,5,188,1911
Prenzlauer Berg,95.7,3,1955,4,0,0,0,5,548,1348
Charlottenburg,150.0,4,2001,3,,0,0,3,61,2833
Wedding,,1,1894,3,1,0,0,5,445,515
Lichtenberg,116.5,3,2001,3,1,0,1,5,544,1771
Wedding,66.8,2,2018,1,1,0,1,7,270,978
Mitte,89.7,2,1894,4,0,0,1,8,414,1524
Charlottenburg,33.6,1,2018,5,1,0,1,,35,889
Mitte,116.9,3,2001,6,1,0,0,3,427,2339
Friedrichshain,89.0,2,1955,4,1,0,0,6,218,1416
Lichtenberg,64.0,2,2018,2,0,0,1,5,416,895
Prenzlauer Berg,,2,1894,4,1,0,0,4,279,1311
Mitte,47.9,1,1894,2,0,0,0,4,277,903
Wedding,51.6,1,1955,5,0,0,0,4,425,583
Prenzlauer Berg,54.0,2,1955,3,1,0,0,,227,831
Tiergarten,31.0,1,1955,5,0,0,0,1,269,598
Friedrichshain,91.8,2,2018,1,1,0,1,6,969,1898
Westend,104.7,3,1894,0,0,0,1,4,668,1390
Wedding,49.1,1,1894,0,1,0,0,5,244,688
Mitte,74.7,2,,3,1,0,1,5,284,1419
Lichtenberg,58.4,2,1894,5,1,0,1,,177,764
Lichtenberg,74.1,3,2001,4,1,0,1,7,219,993
Wedding,50.6,1,1955,4,0,0,0,6,227,547
Mitte,45.7,1,2018,3,0,0,1,7,314,863
Tiergarten,99.0,2,2001,6,1,0,1,5,41,2181
Lichtenberg,63.4,1,1894,5,1,0,0,5,214,832
Charlottenburg,145.9,4,1894,1,1,0,0,4,186,2804
Westend,66.2,2,1894,5,1,1,1,5,729,1098
Wedding,44.9,1,2018,0,1,0,1,6,281,652
Friedrichshain,106.2,3,2001,4,1,1,1,5,347,2409
Wedding,83.7,,1955,2,0,0,0,3,209,998
Lichtenberg,86.9,2,1894,1,1,1,0,4,283,1165
Wedding,104.7,3,2018,6,0,0,0,1,219,1832
Prenzlauer Berg,50.1,1,1894,3,1,0,1,5,318,911
Lichtenberg,,2,2001,0,1,0,1,6,414,740
Schöneberg,60.7,2,2001,0,,0,1,8,91,951
Wedding,38.8,1,1894,0,1,0,1,4,456,552
Wedding,58.5,2,1955,1,,0,1,2,132,792
Wedding,110.9,3,1894,0,0,0,0,4,992,1618
Charlottenburg,71.5,2,1955,1,0,0,0,3,313,1099
Friedrichshain,37.9,1,2018,5,0,0,1,6,343,876
Mitte,34.9,1,2001,6,1,0,1,1,353,794
Schöneberg,126.5,3,2001,5,,0,1,8,298,1882
Schöneberg,62.7,2,1955,2,1,0,1,7,163,927
Schöneberg,50.2,2,1894,4,0,0,0,5,344,777
Prenzlauer Berg,58.3,2,2001,6,0,,1,8,330,935
Wedding,36.0,1,1955,0,1,0,0,6,147,360
Lichtenberg,114.8,2,,5,0,1,0,8,92,1264
Mitte,55.5,1,1955,4,1,0,0,4,546,977
Wedding,112.3,2,2001,2,1,0,1,8,213,1504
Westend,66.4,2,2001,3,1,0,1,4,255,1127
Schöneberg,,3,1894,2,1,1,0,5,331,2043
Friedrichshain,72.0,1,2018,1,0,0,1,8,159,1379
Wedding,91.4,3,1955,1,0,0,0,5,365,1097
Lichtenberg,86.7,2,1894,1,1,0,0,4,264,989
Wedding,83.4,2,1894,0,1,0,0,2,284,1402
Lichtenberg,74.7,2,2001,3,1,0,1,3,,1045
Lichtenberg,59.2,1,1955,2,1,0,0,5,322,690
Charlottenburg,139.8,3,1955,1,1,0,1,5,246,2226
Westend,45.2,1,1894,1,,0,0,5,,650
Prenzlauer Berg,65.1,2,2001,6,1,0,1,,352,973
Lichtenberg,65.4,2,2001,4,1,0,1,1,531,917
Friedrichshain,76.4,2,1955,2,1,0,0,7,249,1058
Prenzlauer Berg,54.7,1,2018,5,0,0,1,6,528,1038
Lichtenberg,73.7,2,1894,2,1,0,0,6,355,805
Charlottenburg,60.8,2,1894,1,1,0,0,6,304,931
Wedding,34.5,1,1955,4,,1,0,7,387,417
Prenzlauer Berg,65.2,2,2001,5,0,0,1,,95,1138
Lichtenberg,41.9,1,1894,3,1,0,0,6,216,488
Lichtenberg,32.5,1,1955,3,1,0,0,7,223,338
Charlottenburg,68.7,2,1894,0,0,0,0,6,257,1100
Wedding,79.0,2,1955,3,0,0,1,3,887,954
Charlottenburg,80.2,2,2001,4,1,0,1,6,311,1419
Westend,81.6,2,2018,2,1,0,1,7,82,1287
Westend,30.0,1,1955,1,0,0,1,4,177,366
Wedding,37.7,1,2001,6,1,0,1,6,284,524
Tiergarten,143.1,3,1955,2,1,1,0,7,321,2489
Mitte,42.8,1,1894,1,1,0,0,5,14,785
Wedding,83.0,2,1894,4,1,0,1,,411,1247
Schöneberg,49.4,1,2018,3,1,0,1,5,423,909
Prenzlauer Berg,67.1,2,1894,3,0,0,0,6,117,1087
Tiergarten,50.5,1,2001,4,1,0,1,,521,1192
Charlottenburg,81.4,3,1894,2,1,0,0,6,248,1413
Lichtenberg,68.7,2,2001,1,1,0,1,5,138,962
Tiergarten,54.3,1,1894,1,0,0,1,7,109,1093
Prenzlauer Berg,42.7,1,2018,6,1,0,1,7,405,776
Lichtenberg,72.3,1,2001,3,1,1,1,7,187,856
Tiergarten,40.0,1,1894,2,0,0,0,5,346,760
Wedding,77.1,2,2001,2,1,0,1,4,107,1139
Mitte,150.0,4,2001,5,1,,1,6,225,2780
Lichtenberg,111.5,3,1955,5,1,0,0,2,386,1484
Wedding,86.6,3,1894,4,0,0,0,5,607,1056
Lichtenberg,62.8,1,2001,3,1,0,1,2,652,1116
Mitte,29.9,1,2001,3,0,0,1,5,599,560
Schöneberg,38.3,1,1955,5,0,0,1,6,1329,514
Wedding,108.6,3,2018,5,1,0,1,5,350,1628
Mitte,47.4,2,1894,2,1,0,1,5,104,822
Mitte,49.1,1,1894,5,0,0,0,3,181,936
Tiergarten,60.8,1,1955,4,1,0,0,4,640,1193
Lichtenberg,42.5,1,1894,5,0,,1,5,162,529
Wedding,39.8,1,1894,0,0,0,1,7,9,535
Westend,63.7,2,1955,0,1,0,1,7,231,758
Wedding,45.5,1,1894,1,0,1,1,8,513,556
Schöneberg,48.3,1,1894,4,1,0,0,3,178,884
Prenzlauer Berg,47.6,1,2001,0,1,0,1,4,661,872
Prenzlauer Berg,80.1,2,1955,0,,0,0,5,945,1237
Westend,59.2,2,2001,0,,0,1,6,344,795
Mitte,60.5,2,1955,1,0,0,0,6,1056,833
Lichtenberg,82.5,2,1955,5,0,0,0,7,791,829
Wedding,61.4,2,1894,4,1,0,0,5,524,807
Charlottenburg,58.2,1,2001,5,1,1,1,5,378,1077
Schöneberg,78.5,2,1894,1,0,,0,8,354,1038
Friedrichshain,84.9,1,1894,3,0,0,1,4,271,1620
Lichtenberg,61.3,2,2001,5,1,0,1,7,434,722
Lichtenberg,,2,2001,3,1,0,1,6,,841
Lichtenberg,47.5,1,2001,5,0,0,1,3,815,693
Charlottenburg,46.1,1,1894,3,1,0,1,8,1068,649
Friedrichshain,88.4,2,1894,1,1,,1,7,35,1434
Mitte,77.7,2,1955,3,1,0,0,7,502,1198
Friedrichshain,78.0,2,2001,6,1,0,1,3,771,1657
Friedrichshain,72.7,2,1955,4,1,0,0,3,319,1256
Friedrichshain,66.2,2,1894,2,1,0,0,6,261,1078
Lichtenberg,85.9,2,1894,3,0,0,1,3,217,1095
Friedrichshain,94.5,2,1955,5,0,0,0,3,185,1620
Friedrichshain,93.6,3,2001,5,1,0,1,5,366,2106
Wedding,62.4,2,1894,3,1,0,0,1,658,1027
Schöneberg,113.2,3,1894,1,0,1,0,6,44,1614
Wedding,71.2,1,1894,5,1,0,0,5,126,999
Westend,83.7,2,1894,5,0,0,0,2,174,1254
Lichtenberg,72.8,2,1955,0,1,0,1,5,71,849
Westend,71.8,1,1894,0,1,0,0,2,464,1123
Schöneberg,48.4,1,2001,0,1,0,1,2,421,1077
Wedding,86.0,2,2001,2,1,0,1,5,,1140
Prenzlauer Berg,150.0,4,,1,,0,1,5,28,2881
Charlottenburg,56.0,1,2018,6,1,0,1,5,502,1072
Prenzlauer Berg,66.9,2,1894,5,0,0,1,6,655,1097
Friedrichshain,54.4,1,1894,1,0,0,0,5,471,975
Wedding,53.5,1,1955,4,0,0,1,6,300,662
Mitte,120.6,3,2001,0,0,0,1,5,268,2393
Friedrichshain,49.7,1,1894,4,1,0,1,6,392,841
Mitte,53.8,2,1955,2,1,0,0,6,359,1030
Wedding,34.4,1,1894,0,0,0,0,,179,483
Charlottenburg,48.0,2,1894,2,1,0,1,,31,771
Wedding,32.8,1,2001,5,1,0,1,,201,435
Lichtenberg,83.7,2,2001,6,1,0,0,2,987,1324
Friedrichshain,150.0,4,1955,0,1,0,1,6,37,2499
Wedding,56.1,2,2018,5,0,0,1,7,355,800
Charlottenburg,33.4,1,1894,1,1,0,1,3,834,680
Mitte,93.2,2,1894,2,0,0,1,7,556,1614
Wedding,48.6,1,1955,0,0,0,0,5,617,532
Lichtenberg,109.3,3,2001,6,1,0,1,6,570,1647
Charlottenburg,58.1,2,1955,4,0,0,0,7,72,895
Schöneberg,50.5,1,1894,3,1,0,0,8,735,729
Charlottenburg,60.5,2,2018,5,1,0,1,6,806,1164
Schöneberg,88.0,3,1894,5,1,,1,6,96,1367
Westend,59.3,1,1955,0,1,0,1,4,216,799
Westend,53.3,1,2001,1,1,0,1,4,323,845
Westend,60.0,1,2018,0,1,0,1,7,218,790
Friedrichshain,39.1,1,2001,3,1,0,1,5,165,850
Wedding,76.2,2,2018,3,1,0,1,7,169,1184
Westend,31.8,1,1894,0,0,0,0,2,500,447
Wedding,54.4,2,2001,4,1,0,1,4,604,868
Friedrichshain,88.1,2,2001,0,0,0,1,4,169,1739
Prenzlauer Berg,73.4,2,1955,4,0,1,0,5,602,1114
Prenzlauer Berg,82.3,3,1955,4,0,0,0,3,217,1340
Friedrichshain,63.3,1,2018,5,1,0,1,5,103,1198
Mitte,103.8,,1894,,0,0,0,8,385,1560
Prenzlauer Berg,94.1,2,1955,5,0,0,0,7,312,1229
Wedding,77.7,2,2018,3,0,0,1,7,396,1076
Mitte,94.2,2,2018,6,0,0,1,3,391,1934
Wedding,87.8,2,2018,4,1,0,1,5,362,1424
Schöneberg,54.5,2,2018,4,1,0,1,6,285,1045
Wedding,38.0,1,,0,0,0,,1,592,612
Prenzlauer Berg,76.9,2,2018,4,1,0,1,5,474,1471
Prenzlauer Berg,80.9,2,1955,2,1,0,1,8,223,1286
Westend,100.5,3,2001,5,0,0,1,3,219,1531
Lichtenberg,44.7,1,1955,4,0,0,0,7,65,470
Prenzlauer Berg,45.2,1,2001,0,1,0,1,4,76,853
Schöneberg,78.1,2,1955,5,1,0,0,4,269,1341
Westend,63.2,2,2001,0,1,0,1,4,541,1044
Wedding,30.6,1,1894,1,1,0,0,8,146,368
Friedrichshain,75.5,2,1894,1,0,1,1,6,489,1438
Schöneberg,31.0,1,1955,5,0,0,1,6,352,387
Prenzlauer Berg,44.5,1,1894,0,1,0,1,5,154,708
Lichtenberg,111.6,3,2001,5,1,0,1,7,321,1356
Prenzlauer Berg,134.9,3,1894,1,0,0,1,6,311,2247
Prenzlauer Berg,40.0,2,1955,3,0,0,1,6,160,570
Lichtenberg,57.0,2,1894,0,1,0,0,6,467,679
Prenzlauer Berg,66.1,1,1894,2,1,0,0,,578,1092
Friedrichshain,132.5,3,2001,4,1,0,1,6,240,2151
Mitte,53.4,2,1894,4,0,0,0,3,112,938
Friedrichshain,53.7,2,1894,5,1,0,0,7,597,744
Tiergarten,120.8,3,1894,4,1,0,0,4,72,2860
Prenzlauer Berg,56.0,1,1894,3,0,0,1,8,375,782
Wedding,86.8,3,2001,2,0,0,1,5,146,1288
Wedding,36.0,1,1894,1,0,0,0,3,,505
Tiergarten,60.7,2,1955,5,1,,1,5,197,1248
Schöneberg,33.5,2,2001,4,1,0,1,6,311,539
Friedrichshain,42.6,1,1955,,0,0,0,5,125,693
Lichtenberg,,2,1955,2,0,0,0,7,88,922
Friedrichshain,63.7,2,1894,2,0,0,0,6,50,1090
Westend,57.2,,2018,5,0,0,1,4,835,1097
Charlottenburg,48.2,1,1955,4,1,0,1,5,398,676
Westend,59.5,2,1894,1,1,0,1,7,155,790
Prenzlauer Berg,73.3,2,2018,3,1,0,1,7,412,1315
Wedding,96.3,2,2001,1,0,0,1,5,309,1340
Mitte,22.7,1,2001,5,1,0,1,8,501,373
Lichtenberg,46.6,1,2018,0,0,0,1,2,255,737
Schöneberg,69.3,2,1894,4,0,0,0,6,565,1123
Wedding,62.5,1,2001,6,0,0,1,7,175,782
Wedding,76.4,2,2001,0,0,0,1,5,350,1256
Lichtenberg,72.3,2,1955,3,1,0,0,1,540,1013
Mitte,57.5,2,1894,0,1,0,0,6,363,977
Charlottenburg,52.6,1,1894,2,,,1,5,1009,923
Mitte,58.9,2,2018,2,1,0,1,3,495,1383
Mitte,102.9,3,1894,3,1,0,0,3,407,2244
Schöneberg,48.5,1,1894,5,0,0,1,7,227,635
Lichtenberg,63.4,2,2001,3,0,0,0,,356,752
Lichtenberg,69.9,2,2001,2,1,0,1,5,678,976
Schöneberg,121.3,3,1894,0,1,0,0,8,204,1756
Westend,57.6,2,2001,6,1,0,1,6,,863
Lichtenberg,95.4,2,1955,1,0,0,0,5,205,1101
Lichtenberg,106.4,2,2001,3,1,1,1,5,196,1604
Mitte,63.4,2,1894,0,1,0,0,4,448,1087
Schöneberg,,1,1894,1,1,1,0,5,931,1031
Wedding,,1,2001,3,0,0,1,3,75,947
Charlottenburg,58.7,2,1894,5,0,0,0,3,315,1073
Prenzlauer Berg,91.5,3,1955,1,1,0,1,3,126,1384
Lichtenberg,71.3,3,1894,3,1,1,0,6,387,903
Lichtenberg,71.4,2,2001,6,1,1,1,4,420,1124
Lichtenberg,41.4,1,2018,2,1,0,1,3,197,763
Wedding,44.1,1,2001,2,1,0,1,7,456,502
Mitte,150.0,4,2018,0,1,0,1,3,171,3586
Charlottenburg,60.5,2,2018,6,1,0,1,6,170,1088
Schöneberg,47.7,1,1955,0,1,0,0,5,149,705
Schöneberg,115.2,3,1955,1,1,0,1,6,207,1672
Schöneberg,,1,2018,0,1,0,0,1,292,1544
Westend,81.9,2,2018,4,1,0,1,1,268,1702
Prenzlauer Berg,61.5,1,2018,2,0,0,1,7,337,1135
Wedding,57.2,1,2001,4,1,0,1,5,440,811
Charlottenburg,60.7,1,1894,3,1,0,1,2,340,1096
Charlottenburg,,1,2018,0,0,1,1,5,824,858
Friedrichshain,62.8,1,2018,2,1,0,1,5,309,1423
Friedrichshain,73.2,2,2001,0,0,0,1,3,513,1570
Lichtenberg,136.3,4,2018,0,1,0,0,5,65,1892
Prenzlauer Berg,67.3,2,1955,2,0,0,1,5,337,1060
Mitte,25.6,1,2018,1,1,0,1,6,266,603
Wedding,62.6,2,1894,0,1,0,0,7,247,753
Schöneberg,150.0,4,2018,2,0,,1,5,669,2719
Tiergarten,91.9,2,1894,2,0,0,1,7,1035,1590
Charlottenburg,47.0,1,1955,5,1,0,0,5,443,687
Friedrichshain,,2,1894,3,0,0,0,5,50,1340
Westend,48.3,2,1955,2,1,0,1,6,189,614
Charlottenburg,37.8,1,1894,2,0,0,0,6,77,580
Tiergarten,56.5,1,2018,0,0,0,1,1,331,1626
Tiergarten,67.4,1,1955,2,1,0,1,8,404,1049
Schöneberg,30.7,1,2018,4,0,0,1,8,59,470
Tiergarten,41.0,1,1894,0,0,0,,4,750,807
Wedding,65.3,2,1894,5,0,0,0,5,102,853
Friedrichshain,55.2,2,2001,3,1,0,1,7,390,875
Westend,76.1,2,2001,5,0,0,1,8,739,984
Prenzlauer Berg,40.0,1,1955,1,1,0,0,6,335,557
Prenzlauer Berg,86.5,3,2001,5,1,0,1,1,162,1835
Friedrichshain,40.5,,,2,0,0,1,6,153,649
Wedding,125.4,3,1955,5,1,0,1,3,342,1760
Lichtenberg,32.7,1,2018,3,0,0,1,6,514,440
Tiergarten,42.0,1,2001,4,,0,1,6,380,878
Friedrichshain,76.8,2,2001,1,1,,1,6,150,1257
Lichtenberg,126.5,4,1955,5,0,0,0,4,261,1338
Schöneberg,73.7,2,1894,1,1,0,1,5,133,1162
Friedrichshain,81.4,3,1894,0,,0,,6,131,1554
Mitte,65.5,2,2001,3,1,0,1,4,125,1387
Westend,43.1,2,2001,5,1,0,1,4,,699
Wedding,53.4,1,1955,5,0,0,0,4,283,609
Schöneberg,40.0,1,2001,5,1,0,1,7,308,573
Lichtenberg,39.0,1,1894,3,0,0,1,5,366,498
Prenzlauer Berg,76.3,2,1894,5,0,0,1,6,158,1248
Charlottenburg,41.5,1,2018,3,0,0,1,5,287,818
Prenzlauer Berg,73.9,2,1955,2,1,0,1,7,315,1153
Charlottenburg,38.6,1,1894,1,,1,1,5,,665
Mitte,73.2,2,1955,4,1,0,0,3,61,1324
Tiergarten,53.5,2,1955,1,0,0,1,4,81,920
Charlottenburg,114.1,3,2001,1,1,0,1,1,,2506
Wedding,74.0,2,2018,2,0,,1,7,,1130
Tiergarten,106.6,3,1955,3,1,1,0,6,429,1898
Prenzlauer Berg,48.0,,1955,1,1,0,1,6,426,740
Westend,66.5,2,1955,2,0,0,0,6,68,872
Westend,43.9,1,1955,1,1,0,0,7,932,490
Wedding,55.1,2,1894,3,0,1,0,8,581,682
Wedding,58.5,2,1894,4,0,0,0,6,69,803
Wedding,48.6,1,2018,4,1,0,1,4,235,811
Friedrichshain,40.0,1,,0,1,0,1,3,224,771
Prenzlauer Berg,36.9,1,1955,2,1,0,1,6,267,474
Westend,25.5,1,1894,3,0,0,0,7,202,333
Mitte,42.6,1,,1,0,0,1,6,109,795
Tiergarten,83.5,2,1894,0,1,0,0,4,319,1655
Mitte,34.3,1,1955,1,0,0,1,6,657,494
Prenzlauer Berg,37.6,1,2001,4,1,0,1,5,197,696
Prenzlauer Berg,133.1,4,1955,3,1,0,0,4,,2027
Friedrichshain,50.4,1,2018,0,0,0,1,7,273,1021
Wedding,,2,1894,4,0,0,1,6,425,951
Lichtenberg,84.0,2,2001,1,1,0,1,4,255,1199
Mitte,84.7,2,2018,5,1,0,1,5,174,1790
Lichtenberg,35.4,1,1955,3,1,0,1,6,206,403
Tiergarten,59.3,2,2001,0,1,0,1,5,640,1401
Lichtenberg,34.0,1,1955,2,1,0,1,4,300,430
Lichtenberg,150.0,4,2001,5,0,0,1,6,292,1826
Tiergarten,34.3,1,2018,3,1,0,1,6,626,874
Wedding,42.7,1,2001,4,1,0,1,1,706,757
Lichtenberg,42.9,1,2018,5,0,0,1,5,27,635
Lichtenberg,35.7,1,1955,0,1,1,0,6,83,419
Lichtenberg,111.7,3,1955,5,1,0,0,5,506,1319
Schöneberg,150.0,4,1894,2,0,0,0,5,,2018
Friedrichshain,53.7,2,2001,5,1,0,1,5,707,1066
Wedding,38.3,1,2018,3,1,0,1,5,62,675
Westend,26.6,1,2001,4,1,0,0,7,344,369
Westend,59.0,2,1894,2,1,0,0,5,441,850
Prenzlauer Berg,57.3,1,1955,5,1,0,0,8,227,705
Schöneberg,50.1,1,2001,0,1,0,1,5,486,882
Friedrichshain,71.0,2,2018,6,1,1,1,6,513,1532
Wedding,76.1,2,1894,1,0,0,1,5,276,1101
Friedrichshain,,2,1894,5,,0,1,7,261,1179
Wedding,57.3,2,1955,0,1,1,1,7,548,667
Wedding,41.8,2,1894,0,1,0,1,5,339,548
Prenzlauer Berg,,2,2018,0,0,0,1,5,420,1811
Schöneberg,65.3,1,1955,3,1,0,1,8,,813
Charlottenburg,92.7,2,1955,1,0,0,1,,326,1166
Lichtenberg,,2,1894,3,1,0,1,8,261,864
Wedding,36.8,1,1955,4,0,1,0,3,440,468
Charlottenburg,36.6,1,2018,0,1,0,1,1,147,900
Friedrichshain,48.0,1,1955,3,1,0,1,5,65,833
Mitte,42.6,1,1894,4,1,0,0,6,292,706
Prenzlauer Berg,87.9,2,1894,2,1,0,0,2,715,1586
Lichtenberg,74.8,2,2018,6,0,0,1,5,340,1227
Wedding,100.9,3,2018,4,,0,,6,243,1765
Mitte,76.2,1,1894,0,0,0,0,4,219,1519
Lichtenberg,70.7,1,2001,3,1,0,,6,207,1025
Charlottenburg,105.0,2,1894,2,0,0,0,4,12,2053
Lichtenberg,78.4,2,1955,0,1,0,0,7,649,948
Mitte,66.8,2,1894,,0,0,0,5,191,1148
Westend,117.5,3,,1,0,0,1,6,296,1566
Lichtenberg,68.1,1,2018,0,1,0,1,5,231,1154
Mitte,57.5,1,1894,1,0,0,0,,165,988
Wedding,46.5,1,1955,4,1,0,0,5,672,520
Lichtenberg,86.1,1,1894,3,1,0,1,7,114,947
Friedrichshain,106.6,,1955,4,1,0,0,5,450,1728
Friedrichshain,63.7,1,1894,2,0,0,0,2,76,1112
Westend,,3,1894,0,1,0,1,6,,1389
Charlottenburg,29.6,1,2018,2,1,0,1,4,610,595
Friedrichshain,63.6,2,1894,1,0,0,0,5,200,1027
Prenzlauer Berg,64.0,3,2018,3,1,1,,5,423,1431
Wedding,48.6,1,1894,1,0,0,0,5,193,627
Charlottenburg,150.0,4,1955,5,1,0,0,2,227,2732
Charlottenburg,63.3,1,1955,2,1,0,,4,493,1051
Wedding,55.2,2,2018,2,0,1,1,2,430,999
Schöneberg,65.7,2,1894,5,1,0,0,5,720,1115
Schöneberg,48.5,1,1894,5,0,0,1,7,227,635
Schöneberg,108.9,3,2001,5,1,1,1,8,468,1581
Lichtenberg,55.3,2,1894,0,0,0,0,6,463,646
Westend,36.1,1,2001,1,0,0,0,5,450,521
Schöneberg,78.9,2,1894,4,0,0,0,4,158,1263
Schöneberg,83.1,2,1955,0,0,0,0,5,234,1261
Lichtenberg,49.9,1,2018,4,1,1,1,3,314,859
Tiergarten,40.0,1,,2,0,0,0,5,346,760
Schöneberg,65.4,2,2001,5,1,0,1,4,118,1085
Wedding,47.8,1,2001,1,1,1,,3,492,772
Prenzlauer Berg,132.3,3,1894,2,1,0,0,8,401,2025
Schöneberg,37.9,1,2001,5,1,0,1,5,191,652
Charlottenburg,,2,1894,1,0,0,1,6,131,1549
Lichtenberg,83.7,2,1955,4,0,0,0,4,355,1042
Friedrichshain,97.0,2,1894,2,1,0,1,6,447,1556
Prenzlauer Berg,78.9,2,1894,4,1,0,1,7,161,1248
Charlottenburg,41.7,1,,1,1,0,0,3,174,698
Friedrichshain,69.3,2,1955,4,1,1,0,4,574,1303
Charlottenburg,150.0,4,2001,3,1,0,0,3,61,2833
Schöneberg,69.3,2,1894,4,,0,0,6,565,1123
Schöneberg,63.9,1,1955,5,1,1,1,6,429,876
Lichtenberg,58.4,2,1894,5,1,0,1,4,177,764
Charlottenburg,105.0,2,1894,2,0,0,0,4,12,2053
Wedding,46.5,,1894,1,1,,1,3,433,642
Prenzlauer Berg,73.9,2,1955,2,1,0,1,7,315,1153
Lichtenberg,75.3,2,1955,1,0,0,0,2,84,913
Mitte,52.7,1,2001,3,0,0,1,5,288,1094
Lichtenberg,93.6,3,2001,0,1,0,0,4,81,1100
Charlottenburg,53.9,1,1894,5,1,1,0,4,326,1055
Wedding,47.5,1,1894,1,0,0,1,4,393,614
Schöneberg,74.5,2,1955,4,1,0,0,5,373,996
Prenzlauer Berg,89.8,2,2018,2,1,0,0,3,1019,1915
Prenzlauer Berg,56.0,1,1955,3,1,1,1,6,120,888
Friedrichshain,47.5,1,1894,4,1,0,0,3,386,943
Mitte,79.0,2,1955,5,1,0,0,5,458,1239
Tiergarten,33.6,1,1894,4,1,0,0,5,1115,668
Prenzlauer Berg,112.9,3,1955,5,1,0,0,5,229,1586
Prenzlauer Berg,74.4,2,1894,,1,0,0,4,359,1305
Westend,75.0,2,1955,,0,0,0,5,322,939
Mitte,54.6,1,1955,5,0,0,1,6,281,901
